Array Size,Cpu without scan (s),Cpu with scan (s),Efficient SC (s),
16,0.0002,0.0002,0.91648,1.0281
32,0.0004,0.0003,0.647168,0.813056
64,0.0004,0.0004,0.873472,0.927744
128,0.0009,0.0006,0.670752,1.16736
256,0.001,0.0011,0.702464,1.12538
512,0.0016,0.0016,0.770048,0.741408
1024,0.0029,0.0041,0.763872,0.845856
2048,0.0056,0.006,0.813088,0.859168
4096,0.0119,0.0144,0.837632,0.817152
8192,0.0284,0.0307,1.61894,0.81616
16384,0.0435,0.0459,1.07312,1.40493
32768,0.0819,0.1082,1.27386,1.40083
65536,0.1767,0.1872,2.44429,2.688
131072,0.4384,0.5142,3.09043,3.70688
262144,0.8429,0.9013,4.66947,5.77434
524288,1.7027,1.5088,8.37632,8.94771
1048576,2.7156,2.9924,15.6723,16.8571
2097152,5.6164,5.816,29.8312,30.5746
4194304,11.0421,10.9035,60.1344,57.8857
8388608,24.7709,22.5186,116.532,119.439
16777216,44.8604,46.321,238.13,224.6
33554432,93.11,91.0134,475.415,448.19
67108864,176.681,178.824,937.818,882.165
134217728,335.069,346.269,1893.06,1776.24
268435456,682.426,671.694,3739.07,3544.18
16,0.0001,0.0002,0.7424,0.835584
32,0.0002,0.0003,0.917504,0.807936
64,0.0006,0.0004,0.866304,0.95232
128,0.0009,0.0005,0.789504,1.01171
256,0.001,0.0011,0.894976,0.979968
512,0.0029,0.0016,0.963584,0.904192
1024,0.0055,0.0033,0.809984,0.80384
2048,0.0061,0.006,0.91648,1.39059
4096,0.0196,0.0113,1.22573,1.05165
8192,0.0208,0.0227,1.08237,1.03322
16384,0.0431,0.0508,1.12742,1.18374
32768,0.0844,0.1259,1.52883,1.36397
65536,0.1792,0.1813,1.9753,2.53542
131072,0.3307,0.3741,3.41299,3.53075
262144,0.7054,1.0571,5.46918,5.85523
524288,1.4983,1.4961,9.09926,9.17504
1048576,2.716,2.968,16.1966,16.3226
2097152,5.2369,5.7434,30.7589,29.8158
4194304,10.4689,13.818,58.1765,56.5361
8388608,23.0293,25.2703,115.842,109.529
16777216,42.7821,44.5829,232.839,225.388
33554432,81.2208,86.1327,472.843,444.895
67108864,174.556,177.227,939.284,888.444
134217728,336.501,350.886,1866.95,1783.43
268435456,695.409,693.268,3776.2,3559.09
16,0.0001,0.0002,0.715776,1.17658
32,0.0002,0.0002,0.941056,1.09568
64,0.0004,0.0003,1.57286,1.0281
128,0.0006,0.0005,0.862208,0.9728
256,0.0018,0.0011,0.82944,0.953344
512,0.0021,0.0016,0.881664,1.08544
1024,0.0046,0.0032,0.927744,1.05062
2048,0.0056,0.0064,0.812032,0.799744
4096,0.0119,0.0124,0.866304,1.44077
8192,0.0226,0.0221,1.08749,0.900096
16384,0.0415,0.0568,1.17658,1.26157
32768,0.0849,0.0939,2.26918,1.36704
65536,0.3475,0.1838,1.90669,2.74534
131072,0.3615,0.3942,3.10784,4.23219
262144,0.6836,0.8785,5.09747,5.56237
524288,1.3727,1.503,9.07366,9.87546
1048576,2.4496,2.98,15.8167,17.0004
2097152,5.6101,5.7071,30.292,29.9858
4194304,10.8534,11.1383,58.0997,55.9831
8388608,19.7415,23.5885,115.645,110.109
16777216,41.1805,43.1234,230.966,222.432
33554432,81.8753,86.9055,473.051,443.28
67108864,172.542,174.449,945.819,884.19
134217728,340.058,347.199,1891.72,1791.73
268435456,697.402,675.506,3753.65,3550.87
16,0.0001,0.0001,0.678912,0.924672
32,0.0004,0.0003,0.676864,0.857088
64,0.0004,0.0006,0.760832,0.837632
128,0.0006,0.0006,0.904192,1.66298
256,0.0011,0.0011,1.60563,1.10899
512,0.0017,0.0016,1.0199,1.02195
1024,0.0027,0.0033,0.792576,0.782336
2048,0.0059,0.0062,0.82944,0.818176
4096,0.012,0.0119,1.19706,0.835584
8192,0.0348,0.0229,1.03219,1.13254
16384,0.0435,0.0482,1.32608,1.48582
32768,0.0872,0.09,1.39571,1.27693
65536,0.1685,0.1951,1.77869,2.23334
131072,0.6534,0.4195,3.03923,3.52973
262144,0.6765,0.9126,4.80973,6.25664
524288,1.4064,1.483,8.77466,9.57338
1048576,2.6332,2.9762,16.5581,16.1382
2097152,5.8366,5.8789,31.316,29.5414
4194304,14.0794,11.7911,59.0254,55.9012
8388608,23.701,24.2535,115.457,108.713
16777216,42.4542,44.2609,232.083,221.307
33554432,83.2737,87.2814,463.908,443.645
67108864,164.23,166.429,943.967,885.699
134217728,345.449,348.521,1858.35,1779.99
268435456,680.071,712.412,3758.54,3557.33
16,0.0002,0.0002,0.903168,0.9728
32,0.0001,0.0003,0.83456,1.00864
64,0.0002,0.0004,0.805888,1.03219
128,0.0005,0.0005,0.859136,1.04243
256,0.001,0.001,0.882688,0.987136
512,0.0027,0.0017,1.00864,0.78336
1024,0.0037,0.0029,1.22675,0.786432
2048,0.0057,0.0058,0.851904,0.817152
4096,0.0111,0.0111,0.892928,0.817152
8192,0.0392,0.0417,1.22368,1.26362
16384,0.0434,0.0552,1.19091,1.4295
32768,0.0851,0.0938,1.30048,1.18784
65536,0.2229,0.1868,1.85754,2.94707
131072,0.3413,0.4572,2.71974,3.78374
262144,0.7196,0.8563,5.31866,5.67091
524288,1.6449,1.5424,8.91597,9.3737
1048576,2.9374,4.1651,15.8013,15.7276
2097152,4.9908,5.2307,30.89,29.609
4194304,10.3716,11.7205,58.5892,59.6695
8388608,20.9815,22.9635,114.506,109.537
16777216,44.7591,45.1866,234.361,221.695
33554432,86.1674,89.9113,469.392,442.754
67108864,173.671,177.769,940.707,889.71
134217728,340.239,335.807,1881.55,1774.41
268435456,709.34,674.811,3738.79,3531.58
16,0.0001,0.0003,0.959488,1.44077
32,0.0002,0.0003,1.2503,1.02605
64,0.0006,0.0003,0.846848,1.01786
128,0.0009,0.0005,1.04858,1.01376
256,0.0009,0.0025,0.886784,1.14176
512,0.0021,0.0021,0.82432,0.939008
1024,0.0036,0.0035,1.39469,0.909312
2048,0.0107,0.0062,1.0711,1.66707
4096,0.0192,0.0123,1.39059,0.99328
8192,0.0242,0.0368,1.11309,0.851968
16384,0.0748,0.0459,1.13869,1.55546
32768,0.0844,0.1091,1.2759,1.18374
65536,0.1709,0.2641,1.71008,2.72794
131072,0.3598,0.4177,2.82829,3.65261
262144,0.6923,1.1602,4.77491,5.88288
524288,1.3397,1.5931,8.53094,9.67168
1048576,2.7688,2.9394,16.1331,15.8843
2097152,5.1949,5.746,29.7073,29.0847
4194304,10.3327,10.8921,58.2011,56.2903
8388608,25.4277,23.6599,115.249,108.442
16777216,47.6861,48.126,235.572,221.498
33554432,86.5501,90.3424,475.481,445.263
67108864,169.242,175.198,947.639,891.921
134217728,388.429,381.24,1886.36,1804.83
268435456,706.963,708.391,3762.98,3541.94
16,0.0001,0.0002,1.41005,1.28614
32,0.0002,0.0004,0.76288,0.905216
64,0.0003,0.0004,1.18067,1.03322
128,0.0009,0.0005,1.19501,1.60358
256,0.0014,0.001,0.924672,1.13664
512,0.0016,0.0018,0.937984,1.37011
1024,0.006,0.0038,1.62304,1.0496
2048,0.006,0.0065,1.07418,1.01376
4096,0.0118,0.0129,1.18579,1.30765
8192,0.0228,0.0256,1.14995,1.23597
16384,0.0579,0.0838,1.42131,1.29741
32768,0.0875,0.1444,1.96608,1.66093
65536,0.1736,0.2161,2.23437,2.61632
131072,0.4,0.4425,3.0423,3.57786
262144,0.7121,0.8244,5.39546,5.96582
524288,1.3757,1.4242,8.42138,9.10131
1048576,3.2912,2.7981,15.4501,15.7932
2097152,5.4003,6.0586,30.5992,29.7318
4194304,11.9626,11.6898,58.4571,55.7169
8388608,21.0037,23.2416,117.109,113.362
16777216,43.5806,46.0699,232.41,219.244
33554432,90.6363,88.4112,468.296,445.396
67108864,174.219,176.887,942.114,892.832
134217728,350.27,349.369,1889.28,1771.63
268435456,702.739,696.806,3743.54,3546.91
16,0.0002,0.0002,0.975872,0.996352
32,0.0003,0.0002,0.785408,1.08237
64,0.0002,0.0004,0.841728,1.04038
128,0.0008,0.0005,0.946176,1.0496
256,0.0008,0.0011,0.842752,1.34758
512,0.002,0.002,0.891904,1.06496
1024,0.0032,0.003,0.93696,1.11002
2048,0.0058,0.0059,1.12845,1.03219
4096,0.011,0.0118,1.16326,0.86016
8192,0.036,0.0533,1.03219,1.52269
16384,0.0525,0.047,1.52986,1.43974
32768,0.0845,0.0927,1.32506,1.1817
65536,0.1757,0.1969,1.72851,2.69312
131072,0.6564,0.4237,3.75501,3.3024
262144,0.6551,0.8665,4.87219,5.32378
524288,1.472,1.5584,8.45619,9.02963
1048576,2.6178,2.9302,15.7512,16.001
2097152,5.2685,5.9883,29.8527,30.0861
4194304,11.2574,13.0451,58.2267,59.0971
8388608,21.5827,22.297,117.027,110.078
16777216,44.7539,44.3484,232.138,220.806
33554432,86.5369,91.6488,464.787,442.461
67108864,171.779,175.382,942.983,888.583
134217728,348.409,351.256,1875.07,1772.67
268435456,699.981,694.578,3739.44,3542.08
16,0.0001,0.0002,1.04038,1.14074
32,0.0002,0.0002,0.668672,0.848896
64,0.0004,0.0004,0.791552,0.831488
128,0.001,0.0005,0.707584,0.795648
256,0.0016,0.0011,0.7424,1.46842
512,0.003,0.0017,0.873472,1.21446
1024,0.0059,0.0033,0.812032,0.769024
2048,0.008,0.0061,0.818176,0.806912
4096,0.0204,0.0116,0.939008,0.822272
8192,0.0224,0.023,0.920576,0.87552
16384,0.0605,0.0456,1.08237,0.995328
32768,0.0967,0.1126,1.31277,1.30662
65536,0.1793,0.205,2.05517,2.28659
131072,0.3494,0.3753,2.9655,3.96083
262144,0.7593,0.7224,5.1456,6.0119
524288,1.4812,1.7823,8.57498,9.14022
1048576,2.7046,2.9014,15.7972,15.7757
2097152,5.9248,7.2446,30.2459,29.3868
4194304,12.0803,10.8564,57.558,56.448
8388608,24.0132,21.9505,115.867,110.95
16777216,44.319,47.5296,236.408,220.194
33554432,93.1337,87.9637,469.579,442.25
67108864,173.833,178.376,940.729,885.425
134217728,349.748,343.863,1885.58,1766.93
268435456,705.945,703.423,3742.01,3533.57
16,0.0001,0.0002,1.05062,1.07008
32,0.0003,0.0003,0.871424,1.0537
64,0.0005,0.0004,0.98816,0.928768
128,0.001,0.0008,0.842752,1.15302
256,0.0016,0.001,0.866304,1.34042
512,0.002,0.0017,0.741376,1.15405
1024,0.0029,0.0032,1.01786,1.14483
2048,0.0066,0.0067,0.974848,1.19706
4096,0.0112,0.0123,1.39878,0.941056
8192,0.0208,0.0235,0.948224,0.859136
16384,0.0631,0.0453,1.0793,1.28922
32768,0.1041,0.1109,1.29024,1.20013
65536,0.2174,0.2007,1.92307,2.52723
131072,0.3363,0.3747,3.10989,3.35667
262144,0.6972,0.8964,5.97811,5.26848
524288,1.6194,1.5468,8.56064,8.86682
1048576,2.6442,2.8933,16.1618,16.7465
2097152,5.8899,5.8858,29.5608,29.8711
4194304,11.4259,12.9874,59.223,56.1213
8388608,21.1752,23.6447,115.707,111.031
16777216,46.0976,44.7818,231.73,220.986
33554432,90.5909,88.3879,471.377,444.675
67108864,171.884,180.085,943.246,888.365
134217728,347.548,348.425,1871.18,1778.94
268435456,704.235,700.476,3764.57,3554.62
16,0.0002,0.0002,1.84013,1.04448
32,0.0002,0.0002,0.786432,0.995328
64,0.0003,0.0003,0.898048,1.33427
128,0.001,0.0007,1.16429,1.00864
256,0.0016,0.0012,1.03219,1.08646
512,0.0029,0.0022,0.984064,0.939008
1024,0.0052,0.0037,0.864256,0.787456
2048,0.0289,0.0064,0.93184,0.852992
4096,0.0107,0.0125,0.852992,0.8192
8192,0.0209,0.0229,1.11411,0.935936
16384,0.0553,0.0435,1.14483,1.18374
32768,0.1187,0.1104,1.80326,1.2544
65536,0.1705,0.1865,1.82784,2.51392
131072,0.3658,0.4237,2.90406,3.37306
262144,0.726,0.8171,4.76672,6.29555
524288,1.3776,1.5302,9.06342,9.95021
1048576,2.7794,2.9604,16.3215,17.5555
2097152,5.3395,5.8357,29.5301,30.0534
4194304,11.0735,12.4103,58.8974,57.5048
8388608,21.5245,22.3664,116.71,109.811
16777216,44.5499,45.1582,234.05,221.048
33554432,88.0702,92.7766,466.349,442.545
67108864,176.132,174.739,934.026,890.865
134217728,346.402,348.588,1889.99,1777.51
268435456,702.756,695.344,3755.06,3557.06
16,0.0001,0.0002,0.648192,1.17555
32,0.0002,0.0003,0.672768,1.13766
64,0.0006,0.0002,0.934912,0.758784
128,0.0005,0.0005,0.761856,0.77824
256,0.0008,0.001,0.781312,0.851968
512,0.0016,0.0021,1.1008,1.28717
1024,0.0031,0.0034,0.928768,1.46739
2048,0.0108,0.0063,1.02707,1.04038
4096,0.0109,0.0115,1.38138,0.985088
8192,0.0405,0.023,0.920576,1.11206
16384,0.0605,0.0466,1.14995,1.00557
32768,0.0839,0.1089,1.31482,1.97018
65536,0.1788,0.2796,1.72954,2.39514
131072,0.3593,0.395,3.50925,3.19386
262144,0.6974,0.9396,5.4231,5.39238
524288,1.5783,1.5955,8.57293,8.99379
1048576,2.7766,2.917,16.6257,15.6856
2097152,6.9115,6.0113,30.5295,30.3524
4194304,10.9061,12.1766,59.2589,57.0368
8388608,24.765,22.7108,112.6,110.267
16777216,45.587,49.187,232.283,221.378
33554432,87.9968,88.9858,464.319,445.341
67108864,170.591,177.91,936.6,883.924
134217728,350.451,346.326,1866,1777.65
268435456,704.275,696.252,3724.92,3554.44
16,0.0001,0.0002,0.831488,1.17555
32,0.0006,0.0003,0.909312,1.2544
64,0.0006,0.0006,0.830464,1.19808
128,0.001,0.0007,1.18784,0.881664
256,0.0016,0.0011,0.940032,0.96768
512,0.0028,0.0016,0.795648,0.979968
1024,0.0032,0.0032,0.94208,1.06803
2048,0.0245,0.0061,1.1223,1.05779
4096,0.0213,0.0114,0.995328,0.990208
8192,0.0524,0.0275,0.980992,1.16634
16384,0.043,0.0484,1.14278,1.13869
32768,0.0843,0.107,1.34246,1.2544
65536,0.1687,0.208,2.2999,2.72589
131072,0.3413,0.3855,3.32288,3.32595
262144,0.7029,0.9122,5.06778,5.76922
524288,1.3716,1.801,8.96205,9.984
1048576,2.8923,2.9367,15.6785,16.1331
2097152,5.4973,5.9555,29.8179,29.9817
4194304,12.4048,12.2458,58.6916,57.0327
8388608,22.6855,28.0363,114.204,111.748
16777216,42.5056,45.99,235.581,221.454
33554432,91.4573,87.6313,471.448,442.631
67108864,171.863,176.13,941.172,888.566
134217728,347.607,352.201,1880.8,1776.96
268435456,699.286,700.172,3729.01,3532.69
16,0.0001,0.0002,0.840704,0.905216
32,0.0002,0.0002,0.869376,1.04038
64,0.0003,0.0006,0.976896,1.04038
128,0.0004,0.0006,0.918528,1.01786
256,0.0013,0.001,1.13459,0.781312
512,0.0018,0.0016,0.738304,2.02342
1024,0.0033,0.0031,1.16122,0.77824
2048,0.0055,0.0073,1.02912,1.76026
4096,0.0112,0.012,1.08749,0.85504
8192,0.0207,0.0221,1.06701,1.16019
16384,0.0404,0.0452,1.15302,1.18067
32768,0.0873,0.1089,1.48685,1.6343
65536,0.1704,0.1863,1.88518,2.67366
131072,0.3376,0.3746,2.7136,3.44576
262144,0.6849,0.7351,5.32685,6.41638
524288,1.3323,1.4731,8.48998,8.98355
1048576,2.7788,3.0283,16.0758,16.6738
2097152,5.1421,5.9753,30.2664,30.2244
4194304,11.1266,11.596,60.8287,56.873
8388608,22.2664,22.1651,116.485,112.04
16777216,45.0504,47.2775,233.91,220.87
33554432,86.3016,94.0061,468.41,448.681
67108864,185.786,183.147,953.693,886.246
134217728,364.954,362.039,1868.87,1773.96
268435456,698.632,697.684,3763.42,3549.01
16,0.0001,0.0002,0.933888,1.51859
32,0.0002,0.0002,0.86528,1.08544
64,0.0004,0.0004,0.918528,0.969728
128,0.0008,0.0005,0.892864,1.02912
256,0.0015,0.001,1.0025,1.03526
512,0.0028,0.0019,0.8704,1.35782
1024,0.0028,0.003,0.929792,0.796672
2048,0.0053,0.006,0.809984,1.36909
4096,0.0107,0.0123,0.850944,1.23085
8192,0.021,0.0234,0.934912,1.28512
16384,0.0414,0.0775,1.2247,1.08134
32768,0.0894,0.1184,1.32096,1.64045
65536,0.178,0.1883,2.08486,3.03309
131072,0.5051,0.6683,2.72179,3.38534
262144,0.6481,1.7728,5.39853,6.37645
524288,1.4398,1.6209,8.53094,8.73472
1048576,2.5995,2.9858,16.2417,16.7301
2097152,5.2765,5.8178,29.6622,30.4087
4194304,10.7966,12.4518,58.2052,56.6497
8388608,21.5873,23.8922,115.253,109.244
16777216,42.9272,45.637,235.208,223.449
33554432,84.9409,92.2917,467.352,442.131
67108864,171.115,177.181,933.71,888.775
134217728,380.22,349.592,1878.85,1774.3
268435456,698.127,707.379,3746.65,3553.89
16,0.0001,0.0002,0.649216,0.871424
32,0.0004,0.0002,0.722944,1.03014
64,0.0005,0.0004,0.740352,0.787456
128,0.0009,0.0006,0.989184,0.78336
256,0.0146,0.0011,0.863232,0.795648
512,0.0029,0.0018,0.813056,0.93184
1024,0.0056,0.0036,0.929792,0.835584
2048,0.0109,0.0068,0.85504,0.792576
4096,0.0201,0.0128,1.1735,1.34246
8192,0.0264,0.0248,0.96256,0.86528
16384,0.0571,0.048,1.12435,1.26259
32768,0.0871,0.0945,1.41312,1.23904
65536,0.1776,0.1913,1.72544,3.01875
131072,0.3479,0.4218,2.78426,4.0663
262144,0.6925,0.9208,5.1456,5.51219
524288,2.7075,1.5265,8.49818,9.22624
1048576,2.618,2.8969,15.9273,16.1157
2097152,5.6404,5.957,30.5859,30.8961
4194304,11.5857,12.6147,59.8333,57.3901
8388608,22.681,23.7434,114.549,111.721
16777216,43.268,44.7254,230.393,219.395
33554432,87.9966,88.9881,464.312,442.362
67108864,174.656,178.626,937.834,894.538
134217728,349.446,347.977,1888.38,1778.42
268435456,701.212,701.574,3732.64,3551.81
16,0.0001,0.0002,0.863232,0.89088
32,0.0004,0.0003,0.759808,0.859136
64,0.0003,0.0003,0.775168,1.6343
128,0.0009,0.0006,1.20525,0.77824
256,0.001,0.0011,0.74752,0.828416
512,0.0016,0.0018,0.75264,0.797696
1024,0.0053,0.003,0.806912,0.782336
2048,0.0058,0.0064,0.821248,0.791552
4096,0.0108,0.0116,0.910336,1.4592
8192,0.0491,0.0368,1.2544,0.917504
16384,0.0582,0.0668,1.22163,1.26771
32768,0.1048,0.1427,1.35578,1.35066
65536,0.1806,0.1862,1.8729,2.7863
131072,0.3404,0.4602,3.37408,3.46214
262144,0.6572,0.9069,5.99757,5.08723
524288,1.4068,1.5036,8.77978,9.25184
1048576,2.7312,3.0211,16.0328,15.6078
2097152,5.7274,5.708,30.0001,29.1041
4194304,11.681,11.0884,57.8755,56.5094
8388608,21.8862,21.9851,115.664,109.879
16777216,45.9282,44.78,235.238,223.123
33554432,89.777,88.4944,471.48,443.329
67108864,173.554,178.417,940.577,890.516
134217728,357.127,353.235,1887.46,1775
268435456,708.858,699.082,3745.91,3545.22
16,0.0001,0.0002,0.879616,1.15814
32,0.0003,0.0002,0.874496,1.08134
64,0.0004,0.0004,0.915456,0.98304
128,0.0009,0.0005,0.940032,1.06291
256,0.0016,0.001,1.29536,1.03322
512,0.0029,0.0017,0.717824,1.0281
1024,0.0056,0.0033,0.956416,0.979968
2048,0.0054,0.0058,0.878592,0.83456
4096,0.0323,0.0116,0.83968,0.812032
8192,0.023,0.0235,0.909312,1.21242
16384,0.0576,0.0476,1.33939,1.20525
32768,0.1062,0.1085,1.84525,1.49299
65536,0.2667,0.193,2.84672,2.2569
131072,0.3326,0.4806,3.00954,3.85126
262144,0.7568,0.9809,4.84659,5.65146
524288,1.4545,1.5667,8.79411,9.22112
1048576,2.6332,3.0039,15.8116,18.0613
2097152,5.4902,5.8083,29.5721,29.6479
4194304,10.6294,12.0485,58.8401,56.0824
8388608,22.0102,22.6701,117.98,112.771
16777216,44.4495,45.4474,233.474,220.941
33554432,86.3781,91.052,472.106,443.879
67108864,177.215,178.712,943.885,890.748
134217728,349.079,357.396,1873.24,1771.5
268435456,699.75,699.653,3765.76,3550.5
16,0.0001,0.0002,1.71725,1.03526
32,0.0004,0.0003,0.97792,0.995328
64,0.0003,0.0003,0.961536,0.9984
128,0.0009,0.0005,1.0199,0.999424
256,0.015,0.0011,1.14586,0.995328
512,0.0031,0.0018,0.821248,1.7961
1024,0.0055,0.0032,0.897024,0.985088
2048,0.0105,0.0063,1.68243,0.786432
4096,0.0114,0.012,0.841728,0.856064
8192,0.0241,0.0224,0.918528,1.90464
16384,0.1061,0.0465,1.06394,1.03629
32768,0.0864,0.1316,1.39981,1.52474
65536,0.1773,0.1983,1.71725,3.04538
131072,0.3309,0.3877,2.816,3.59219
262144,0.6512,0.838,5.25824,5.56442
524288,1.5917,1.6062,8.8535,9.61741
1048576,2.6515,3.1144,15.66,16.2048
2097152,5.5255,5.752,30.507,30.6412
4194304,10.8267,11.1527,60.0177,56.7572
8388608,21.2895,23.9699,115.378,108.573
16777216,42.5658,44.228,233.924,221.873
33554432,85.9002,91.6663,467.77,442.773
67108864,175.934,180.94,935.6,885.335
134217728,350.842,350.328,1880.27,1773.39
268435456,700.219,707.733,3738.12,3537.39
16,0.0001,0.0001,0.780288,0.92672
32,0.0004,0.0003,0.848896,1.03731
64,0.0004,0.0005,0.867328,1.0711
128,0.0008,0.0006,0.841728,1.08336
256,0.0015,0.0011,0.9216,0.892928
512,0.0027,0.0017,0.83968,0.799744
1024,0.0027,0.0029,0.863232,0.782336
2048,0.0053,0.0059,0.802816,1.07622
4096,0.0176,0.0113,0.862208,0.903168
8192,0.0227,0.0247,0.999424,1.42541
16384,0.0541,0.0543,1.36704,0.979968
32768,0.0888,0.0955,1.48275,1.17248
65536,0.1774,0.2013,1.77971,2.27328
131072,0.3723,0.4526,2.93171,3.23686
262144,0.7107,0.8644,5.40672,5.70061
524288,1.3257,1.5878,8.50842,9.85088
1048576,2.7259,3.0084,16.214,16.7854
2097152,5.6431,5.9891,29.8435,29.2833
4194304,11.4821,11.2654,57.5447,56.0701
8388608,21.9066,22.1302,114.819,109.234
16777216,46.0031,45.8212,230.082,224.474
33554432,86.3793,88.3417,464.001,443.171
67108864,175.863,175.316,935.969,885.889
134217728,349.328,355.763,1861.6,1776.34
268435456,698.485,723.299,3748.18,3534.34
16,0.0001,0.0002,0.995328,1.12845
32,0.0004,0.0005,1.04346,1.14176
64,0.0003,0.0003,1.06291,0.917504
128,0.0008,0.0005,0.937984,0.95744
256,0.0015,0.001,0.8448,0.940032
512,0.0015,0.0019,0.87552,1.14995
1024,0.0038,0.0033,1.0025,0.9728
2048,0.0057,0.0068,1.20525,1.0967
4096,0.0226,0.0147,1.02502,1.10182
8192,0.0207,0.0227,1.11002,1.07315
16384,0.0418,0.0459,1.31683,1.11309
32768,0.0828,0.1201,1.44282,1.31072
65536,0.1654,0.1966,1.82886,2.4791
131072,0.6594,0.444,2.8631,3.34438
262144,0.6902,0.8497,5.35757,5.71904
524288,1.3687,1.8199,8.87091,10.1192
1048576,2.6149,2.9054,16.1352,17.4264
2097152,5.7958,5.8577,29.8476,29.952
4194304,10.6025,11.323,58.3987,56.4142
8388608,22.2906,22.1448,116.408,111.184
16777216,44.6106,45.7832,234.467,222.254
33554432,85.691,90.6043,472.663,443.675
67108864,175.022,179.238,934.736,883.703
134217728,355.194,350.342,1886.05,1778.19
268435456,704.34,710.16,3736.23,3541.67
16,0.0001,0.0002,1.08544,0.989184
32,0.0003,0.0002,0.864256,1.06598
64,0.0005,0.0004,1.18682,0.987136
128,0.0009,0.0005,0.894976,1.08851
256,0.0014,0.0009,0.873472,1.05165
512,0.0025,0.0015,0.955392,1.33837
1024,0.0029,0.0032,0.758784,0.77824
2048,0.0051,0.0062,1.28922,0.791552
4096,0.0336,0.0118,0.969728,0.917504
8192,0.0202,0.0234,1.03629,0.90624
16384,0.0431,0.0545,1.07725,1.0496
32768,0.0872,0.1298,1.35782,1.63635
65536,0.168,0.187,1.93331,2.97267
131072,0.3426,0.4208,3.43142,3.83795
262144,0.6722,0.7483,5.37293,5.56442
524288,1.6511,1.5977,9.50067,9.06957
1048576,2.8469,3.0086,15.7286,16.343
2097152,5.4252,5.7725,30.6135,30.166
4194304,10.6545,13.4253,58.7438,55.9708
8388608,21.1074,23.4173,115.446,109.77
16777216,45.2375,44.9282,234.486,220.928
33554432,86.0075,91.5471,470.607,443.872
67108864,172.536,175.673,943.738,886.741
134217728,352.014,352.734,1874.18,1769.98
268435456,697.052,703.575,3762.46,3544.94
16,0.0002,0.0002,0.718848,0.959488
32,0.0005,0.0003,0.740352,0.83456
64,0.0003,0.0004,0.745472,1.03117
128,0.0005,0.0006,0.774144,0.828416
256,0.0008,0.0009,0.78848,1.4551
512,0.0014,0.0016,0.746496,0.772096
1024,0.0048,0.0029,0.941056,1.22163
2048,0.0073,0.0058,0.848896,0.787456
4096,0.0107,0.0129,1.21446,0.821248
8192,0.0348,0.042,1.01069,1.29434
16384,0.0431,0.0625,1.42438,1.25338
32768,0.1321,0.0971,1.52269,1.59642
65536,0.1741,0.2429,1.96301,3.43859
131072,0.344,0.3626,3.28294,3.71917
262144,0.6909,0.8894,5.24698,6.3785
524288,1.3915,1.4458,8.47155,9.23546
1048576,2.9876,2.9906,16.7578,17.0168
2097152,5.2655,5.8632,30.3073,29.5772
4194304,10.9058,12.4781,58.0925,56.3384
8388608,21.4742,23.454,117.803,112.171
16777216,48.1003,43.6482,232.125,221.673
33554432,85.7283,92.4688,469.018,444.875
67108864,174.281,177.671,930.703,884.904
134217728,353.5,354.069,1878.57,1773.36
268435456,704.112,696.738,3745.27,3540.36
16,0.0001,0.0002,0.946176,0.871424
32,0.0004,0.0002,0.804864,1.03117
64,0.0006,0.0004,0.886784,1.05882
128,0.0009,0.0007,0.897024,1.00762
256,0.001,0.0009,1.68346,1.31174
512,0.0019,0.0019,1.06291,0.949248
1024,0.0031,0.0034,1.18272,1.01581
2048,0.0065,0.0067,0.887808,0.807936
4096,0.0109,0.0325,0.917504,1.04243
8192,0.0221,0.0252,0.91136,1.01683
16384,0.0432,0.0451,1.06701,1.59744
32768,0.0848,0.1094,1.39571,1.17658
65536,0.1788,0.1973,1.82272,2.47091
131072,0.4989,0.4048,2.7392,3.64134
262144,0.7757,0.8794,5.0432,6.01088
524288,1.4458,1.6905,8.58522,9.47302
1048576,2.6784,3.0138,17.5104,16.4209
2097152,5.2871,5.9683,31.0999,29.356
4194304,11.2392,11.5458,58.709,55.5479
8388608,20.8303,23.2905,113.335,110.284
16777216,44.2938,44.275,230.502,220.902
33554432,85.4026,91.0899,464.887,443.606
67108864,174.064,179.702,936.96,887.082
134217728,352.474,352.733,1867.75,1774.75
268435456,704.818,701.803,3727.99,3542.85
16,0.0002,0.0002,0.720896,0.95232
32,0.0005,0.0003,0.749568,0.837632
64,0.0003,0.0005,0.740352,0.86528
128,0.0008,0.0006,0.7168,0.758784
256,0.0014,0.001,0.81408,1.19296
512,0.002,0.0016,0.744448,0.787456
1024,0.0028,0.0032,0.828416,2.09306
2048,0.0071,0.0063,1.26976,0.794624
4096,0.0111,0.0128,0.960512,0.878592
8192,0.0215,0.0288,1.21034,0.85504
16384,0.0448,0.0464,1.47558,0.990208
32768,0.088,0.0954,1.33325,1.88109
65536,0.172,0.1998,1.76435,2.45453
131072,0.3423,0.3886,2.83955,3.67206
262144,0.6999,0.9152,5.87469,5.53165
524288,1.2939,1.6402,9.10746,9.1136
1048576,2.6937,2.9492,16.2263,16.8428
2097152,5.4599,6.0133,30.6493,29.694
4194304,10.6196,11.6692,57.1023,56.2596
8388608,21.3847,24.0232,116.488,108.94
16777216,46.8651,44.8382,236.217,221.092
33554432,85.2546,90.7799,470.385,441.129
67108864,175.41,177.88,941.828,887.699
134217728,353.388,350.317,1879.06,1772.2
268435456,705.359,697.939,3732.8,3549.53
16,0.0001,0.0002,0.66048,1.11309
32,0.0002,0.0003,0.883712,0.973824
64,0.0005,0.0004,0.781312,0.886784
128,0.0009,0.0005,1.0455,1.01376
256,0.0009,0.001,0.838656,0.909312
512,0.0029,0.0016,0.914432,0.904192
1024,0.0027,0.0031,0.968704,0.930816
2048,0.0054,0.0058,0.971776,0.9472
4096,0.0107,0.0308,1.86266,1.00966
8192,0.0247,0.0271,1.18374,1.06086
16384,0.0409,0.0595,1.25645,1.19603
32768,0.1572,0.103,1.51142,1.94458
65536,0.1739,0.24,2.0224,2.29171
131072,0.4716,0.3956,3.23789,3.56966
262144,0.7384,0.8842,5.47942,5.4999
524288,1.3065,1.7636,8.97741,9.40544
1048576,2.6951,3.0638,15.9416,16.8909
2097152,5.3498,5.6796,30.1455,29.0007
4194304,10.9418,12.6395,58.3844,55.8602
8388608,21.1254,23.1501,117.873,110.323
16777216,47.0937,45.4258,233.564,220.731
33554432,85.6237,88.7791,474.811,447.797
67108864,170.498,175.437,944.226,888.333
134217728,352.365,350.883,1876.26,1773.79
268435456,700.088,704.486,3757.03,3539.98
16,0.0001,0.0002,0.841728,1.08442
32,0.0005,0.0002,0.802816,0.961536
64,0.0002,0.0003,0.908288,0.920576
128,0.0009,0.0006,0.801792,1.05267
256,0.0014,0.0012,1.16224,1.19808
512,0.0026,0.002,0.920576,1.08851
1024,0.0053,0.0032,1.11821,1.98246
2048,0.0093,0.006,1.0025,0.797696
4096,0.0108,0.0113,0.868352,0.818176
8192,0.0227,0.0233,1.5319,1.25133
16384,0.0754,0.0786,1.16531,1.152
32768,0.0858,0.1649,1.34554,1.40186
65536,0.1687,0.2054,2.37466,2.64909
131072,0.3408,0.4954,3.52563,3.47648
262144,0.703,0.8779,4.84659,5.5081
524288,1.3549,1.5678,8.41216,8.99584
1048576,3.1548,3.0435,15.9724,16.6103
2097152,5.2919,6.1005,29.9704,29.6161
4194304,10.8271,11.5524,58.2943,59.9071
8388608,20.5866,23.6811,114.843,112.266
16777216,43.9057,44.4962,231.187,220.165
33554432,87.1507,89.0159,471.015,441.044
67108864,176.251,177.516,939.542,895.649
134217728,351.027,347.737,1878.85,1771.85
268435456,701.519,703.458,3748.34,3544.44
16,0.0001,0.0002,1.28307,1.07315
32,0.0003,0.0005,0.879616,0.795648
64,0.0005,0.0004,0.69632,1.17043
128,0.0143,0.0005,1.0455,0.790528
256,0.0008,0.0011,0.744448,0.794624
512,0.0021,0.0015,1.7449,0.774144
1024,0.0187,0.0033,0.753664,0.770048
2048,0.0055,0.0059,0.982016,0.82944
4096,0.02,0.0118,0.899072,0.83456
8192,0.048,0.0233,1.46944,0.871424
16384,0.0419,0.0471,1.10387,1.06189
32768,0.0836,0.144,1.69677,1.30662
65536,0.1704,0.185,1.88314,2.74534
131072,0.4321,0.3751,3.28397,3.30752
262144,0.6716,0.8304,5.17222,5.38829
524288,1.4215,2.0945,9.13408,10.8503
1048576,2.6703,3.0591,16.5396,16.5007
2097152,5.307,6.2642,29.7155,28.886
4194304,13.3021,11.237,57.7884,55.9227
8388608,22.7729,23.7597,114.998,109.688
16777216,44.0914,49.4265,231.955,221.444
33554432,89.4414,88.7111,462.702,442.812
67108864,173.668,178.444,939.082,885.897
134217728,351.713,350.311,1873.47,1773.64
268435456,703.771,705.273,3732.25,3536.26
16,0.0001,0.0001,0.714752,1.05267
32,0.0004,0.0002,1.07418,0.899072
64,0.0002,0.0003,0.80384,0.898048
128,0.0004,0.0006,0.722944,0.776192
256,0.0016,0.0011,1.4377,0.831488
512,0.0029,0.0018,0.740352,0.792576
1024,0.0083,0.0032,0.920576,0.930816
2048,0.0084,0.006,0.893952,1.17658
4096,0.0195,0.0123,0.966656,1.3353
8192,0.0217,0.0244,1.21344,2.33779
16384,0.0429,0.0466,1.08646,1.08954
32768,0.0887,0.1048,1.71418,1.42438
65536,0.1814,0.2051,1.88621,2.98496
131072,0.3444,0.3807,2.7095,3.31571
262144,0.6869,0.8745,5.46611,5.47021
524288,1.7123,1.5778,8.22374,8.90266
1048576,2.6708,2.9417,15.7614,16.3891
2097152,5.2299,7.3399,29.8435,29.7441
4194304,12.2155,11.5123,57.8058,56.5279
8388608,24.6636,24.5728,115.676,109.785
16777216,42.5757,49.3065,235.234,222.225
33554432,88.5964,88.0146,471.652,442.769
67108864,175.743,179.73,937.299,883.315
134217728,351.119,348.992,1887.29,1773.87
268435456,713.69,697.639,3734.08,3545.95
16,0.0164,0.0001,0.828416,1.12333
32,0.0004,0.0003,0.900096,1.03936
64,0.0004,0.0006,0.684032,0.771072
128,0.0008,0.0005,0.941056,0.807936
256,0.0013,0.0011,0.734208,0.920576
512,0.0028,0.0016,0.864256,0.838656
1024,0.0053,0.0036,1.10182,1.27283
2048,0.006,0.0065,1.23187,0.802816
4096,0.0118,0.0123,1.1223,1.50323
8192,0.033,0.0286,1.05574,0.904192
16384,0.0425,0.047,1.93434,0.985088
32768,0.0835,0.1097,1.29536,1.22778
65536,0.1719,0.2003,1.72646,2.27533
131072,0.4691,0.3921,3.05766,3.97926
262144,0.8075,0.7683,4.77286,5.58899
524288,1.4266,1.6024,8.94464,10.3475
1048576,2.6639,3.0138,15.7645,16.6595
2097152,5.7053,5.833,30.1681,29.5178
4194304,11.1607,11.4598,58.3977,57.8038
8388608,21.0557,22.8168,114.877,109.398
16777216,46.3328,46.3738,237.275,221.256
33554432,85.528,89.4309,469.209,444.637
67108864,174.924,175.108,938.074,881.39
134217728,349.031,353.938,1878.28,1767.43
268435456,698.31,702.573,3763.14,3534.49
16,0.0002,0.0002,1.32915,0.999424
32,0.0002,0.0001,0.87552,1.23085
64,0.0003,0.0003,1.10182,1.05165
128,0.0006,0.0005,0.892928,1.08442
256,0.0015,0.0011,0.900096,0.94208
512,0.0028,0.0016,0.909312,1.20934
1024,0.005,0.0035,0.925696,1.06496
2048,0.0055,0.0062,1.36602,1.03629
4096,0.0119,0.0148,1.1264,1.10285
8192,0.021,0.0267,0.955392,0.913408
16384,0.0622,0.0469,1.12947,1.06803
32768,0.091,0.1104,1.29638,1.31174
65536,0.173,0.2321,1.69574,2.27021
131072,0.3342,0.4252,2.98803,4.48211
262144,0.7082,0.8217,4.69504,5.23059
524288,1.358,1.6603,9.76691,8.68147
1048576,2.6104,3.0548,16.6963,16.1065
2097152,5.5767,5.7139,30.2909,29.9725
4194304,10.7427,11.2261,58.8913,55.7947
8388608,21.1969,24.4349,121.001,109.329
16777216,46.4821,45.1457,232.208,220.647
33554432,86.6729,90.788,468.433,444.699
67108864,170.812,175.276,938.404,889.642
134217728,349.427,349.828,1874.06,1770.12
268435456,707.097,707.316,3746.7,3536.41
16,0.0002,0.0003,0.878592,1.08851
32,0.0002,0.0002,0.866304,0.970752
64,0.0004,0.0003,1.12333,1.00454
128,0.0005,0.0005,0.96768,0.95232
256,0.0016,0.0011,0.731136,1.21754
512,0.0015,0.0018,1.85139,1.01376
1024,0.005,0.0029,0.935936,1.03629
2048,0.0055,0.0059,0.795648,1.59232
4096,0.0112,0.0116,1.04755,1.03936
8192,0.0223,0.0234,1.00557,0.98816
16384,0.0419,0.0448,1.37728,1.23802
32768,0.0837,0.0959,1.5616,1.39571
65536,0.1815,0.1872,1.83296,2.79757
131072,0.3292,0.3714,2.9225,3.77958
262144,0.6802,0.934,4.84147,5.96992
524288,1.4445,1.6955,8.80026,9.22624
1048576,2.896,2.8847,16.3471,15.7686
2097152,5.2725,6.0394,29.9663,30.7876
4194304,10.7029,11.595,58.4141,56.0159
8388608,21.2664,24.0679,117.986,109.614
16777216,43.8605,44.6281,233.266,218.981
33554432,84.0786,90.0335,466.438,444.183
67108864,174.146,176.738,939.48,883.841
134217728,346.784,348.484,1863.81,1776.23
268435456,709.063,698.513,3741.44,3560.45
16,0.0001,0.0002,0.729088,1.4295
32,0.0006,0.0003,1.85651,0.9216
64,0.0004,0.0004,1.2329,1.16531
128,0.0006,0.0007,1.08339,0.770048
256,0.0016,0.0011,0.735232,0.786432
512,0.0031,0.0018,0.751616,0.77312
1024,0.0031,0.0032,0.77312,0.882688
2048,0.0103,0.006,0.874496,0.864256
4096,0.0124,0.0117,1.00762,0.978944
8192,0.0209,0.0241,1.024,1.26157
16384,0.0878,0.0473,1.19501,1.00147
32768,0.0847,0.1101,1.408,1.17555
65536,0.1694,0.2222,1.76333,2.45453
131072,0.3351,0.3969,3.72429,3.25222
262144,0.6923,0.8708,4.81485,5.49376
524288,1.3049,1.7636,9.18733,9.37267
1048576,2.6803,2.9192,15.618,16.2959
2097152,5.383,5.9581,30.6995,29.0427
4194304,11.8313,12.5366,58.2042,55.4066
8388608,22.9676,24.7304,113.663,109.892
16777216,43.7907,47.0556,236.342,218.613
33554432,89.1462,88.3422,470.255,444.223
67108864,177.879,178.015,936.094,883.891
134217728,351.456,352.953,1886.11,1773.15
268435456,702.461,703.679,3739,3535.43
16,0.0001,0.0002,0.868352,0.955392
32,0.0003,0.0006,0.946176,1.21754
64,0.0006,0.0003,0.87552,1.01069
128,0.0004,0.0006,1.06189,1.40083
256,0.0008,0.0013,0.928768,1.06598
512,0.002,0.0018,1.02605,1.25338
1024,0.0215,0.0031,0.982016,0.87552
2048,0.0101,0.0062,1.10387,1.30048
4096,0.0193,0.0119,1.07315,0.937984
8192,0.0789,0.0542,1.20832,1.05574
16384,0.0937,0.0464,1.1735,1.17043
32768,0.0842,0.1236,1.42643,1.6087
65536,0.1796,0.2031,1.72032,2.52416
131072,0.3588,0.4703,2.75661,3.65261
262144,0.6762,0.8628,5.32173,5.71085
524288,1.395,1.5524,8.43878,9.8519
1048576,2.6687,3.314,16.47,15.9212
2097152,5.3089,7.3118,31.231,29.4799
4194304,10.4355,11.5582,59.1247,56.8617
8388608,22.203,22.107,112.886,110.909
16777216,42.7095,44.9727,234.684,220.475
33554432,86.2585,93.3107,474.32,445.386
67108864,175.737,176.314,946.712,898.761
134217728,342.322,351.198,1873.85,1769.12
268435456,707.67,697.964,3753.57,3536.58
16,0.0001,0.0002,0.959488,1.10285
32,0.0003,0.0002,1.09978,0.96768
64,0.0005,0.0004,1.17146,1.21037
128,0.0008,0.0005,0.940032,0.994304
256,0.0016,0.001,0.935936,0.954368
512,0.003,0.0017,0.87552,0.791552
1024,0.0049,0.0031,0.797696,0.804864
2048,0.0297,0.0057,1.13664,1.26362
4096,0.0139,0.028,1.16736,0.970752
8192,0.0208,0.0226,1.31891,0.889856
16384,0.0609,0.0461,1.29229,0.984064
32768,0.1781,0.1621,1.50221,1.2329
65536,0.1725,0.1983,1.77766,2.45146
131072,0.3481,0.4319,2.92762,3.25427
262144,0.6884,0.853,5.11181,6.26381
524288,1.411,1.5803,8.59443,9.01325
1048576,2.8144,2.931,16.2755,15.958
2097152,5.4253,6.2913,30.2766,29.3171
4194304,10.3794,11.8673,58.6189,56.5033
8388608,24.4788,22.7847,117.096,111.556
16777216,43.043,44.313,232.28,222.222
33554432,85.9505,91.1145,471.37,443.843
67108864,176.758,180.555,942.013,884.929
134217728,346.299,353.414,1876.44,1774.78
268435456,703.865,699.114,3750.31,3548.52
16,0.0001,0.0002,0.708608,1.77152
32,0.0002,0.0006,0.868352,1.30867
64,0.0003,0.0004,0.88576,1.24416
128,0.0009,0.0006,0.9728,0.892928
256,0.0012,0.001,0.804864,1.52166
512,0.0021,0.0016,0.8192,0.811008
1024,0.0236,0.0029,0.769024,1.00966
2048,0.0054,0.006,1.03936,0.86528
4096,0.0103,0.0116,0.854016,0.9472
8192,0.0214,0.0236,1.10797,0.974848
16384,0.0422,0.0456,1.0752,1.01786
32768,0.0846,0.1118,1.54317,1.21958
65536,0.173,0.2155,2.98189,2.34906
131072,0.3336,0.3927,3.65568,3.88198
262144,0.7211,0.8799,5.34528,5.98733
524288,1.6876,1.5722,8.68454,9.55392
1048576,2.6408,3.0161,15.6723,15.916
2097152,5.3873,6.5343,29.8281,29.8383
4194304,10.5054,11.0758,59.4104,57.7362
8388608,21.1817,23.5676,116.072,110.898
16777216,44.2905,44.5698,231.705,221.114
33554432,85.943,93.2397,465.101,443.262
67108864,173.673,178.331,940.293,884.385
134217728,350.476,350.661,1869.77,1775.81
268435456,700.164,698.743,3739.22,3540.36
16,0.0001,0.0002,1.21139,0.887808
32,0.0001,0.0003,0.746496,0.836608
64,0.0003,0.0003,0.877568,0.994304
128,0.0005,0.0006,0.881664,0.934912
256,0.0008,0.0011,0.920576,1.29741
512,0.0027,0.0017,0.980992,1.0793
1024,0.0039,0.0032,0.843776,0.797696
2048,0.0291,0.0062,0.828416,0.80896
4096,0.0109,0.012,1.55136,0.809984
8192,0.0215,0.0234,0.923648,0.900096
16384,0.0568,0.046,1.11718,1.82784
32768,0.0832,0.111,1.29229,1.38957
65536,0.1815,0.2309,1.93229,2.68493
131072,0.3453,0.3759,2.8713,3.44269
262144,0.687,1.0365,5.78867,5.70778
524288,1.3256,1.5848,9.37882,9.34502
1048576,3.4575,2.9803,16.1495,17.0844
2097152,5.227,6.0406,30.0728,29.3724
4194304,11.2147,13.5789,57.4935,55.8909
8388608,21.104,23.317,115.66,108.157
16777216,42.9064,43.5921,235.25,220.31
33554432,86.8779,88.2691,473.082,442.342
67108864,175.59,178.461,938.91,887.932
134217728,344.415,349.612,1885.06,1778.59
268435456,700.232,696.33,4396.55,3603.08
16,0.0001,0.0003,0.949248,1.21446
32,0.0002,0.0002,0.79872,1.01069
64,0.0003,0.0003,1.0711,1.02707
128,0.0004,0.0008,0.857088,0.863232
256,0.0008,0.0009,1.02093,1.59949
512,0.0017,0.0016,0.83968,0.831488
1024,0.0027,0.0036,1.2841,0.77824
2048,0.0266,0.0057,0.81408,0.904192
4096,0.0208,0.0118,1.29843,1.0025
8192,0.0235,0.0234,0.953344,1.03936
16384,0.0564,0.0593,1.25949,1.08749
32768,0.0898,0.0895,1.78278,1.28717
65536,0.1778,0.2945,2.05312,2.92659
131072,0.3507,0.3744,3.04435,3.48262
262144,0.7186,0.8395,5.18554,5.42413
524288,1.3552,1.5894,9.10336,9.20474
1048576,2.6385,3.0866,16.3226,16.428
2097152,5.2903,6.0682,37.3985,32.5458
4194304,10.6927,11.815,59.3582,67.6045
8388608,22.6672,23.02,135.122,108.562
16777216,46.1108,46.8495,241.24,225.119
33554432,85.0503,91.0357,475.632,454.894
67108864,191.271,190.869,978.084,898.64
134217728,369.516,368.655,1885.73,1792.91
268435456,716.176,707.166,3844.28,3582.44
16,0.0002,0.0003,0.910336,1.00147
32,0.0005,0.0003,0.848896,1.00966
64,0.0003,0.0003,1.39469,1.09158
128,0.0005,0.0005,0.925696,1.15302
256,0.0015,0.0174,1.27898,1.40186
512,0.0026,0.0016,1.08954,0.804864
1024,0.0029,0.003,0.867328,0.861184
2048,0.0095,0.0062,0.88064,0.932864
4096,0.0131,0.0112,0.857088,1.14893
8192,0.0443,0.0238,0.91136,0.930816
16384,0.0418,0.044,1.26669,1.01171
32768,0.082,0.1097,1.66298,1.34963
65536,0.1713,0.2141,2.20262,2.58355
131072,0.5232,0.4515,3.10784,3.28602
262144,0.7814,0.9899,5.00326,5.2736
524288,1.3401,1.6301,8.41523,9.39315
1048576,2.6983,3.3587,16.5233,16.9185
2097152,5.2171,5.8473,31.3426,29.3827
4194304,10.7075,11.8018,58.581,56.3333
8388608,21.6251,24.9649,115.78,111.567
16777216,43.9719,49.8613,235.582,223.969
33554432,91.0978,88.5712,472.408,451.887
67108864,178.642,175.427,948.15,892.854
134217728,355.734,361.461,1890.94,1786.12
268435456,740.628,741.901,3763.14,3566.78
16,0.0002,0.0002,0.84992,1.03731
32,0.0003,0.0003,0.830464,1.08851
64,0.0003,0.0005,0.789504,1.03936
128,0.0007,0.0008,0.856064,1.01376
256,0.0018,0.0011,0.846848,1.11411
512,0.0029,0.0019,0.897024,1.00762
1024,0.0028,0.0032,0.9984,1.03424
2048,0.0056,0.0064,1.04448,1.08339
4096,0.0107,0.0116,1.04346,1.45715
8192,0.0221,0.0263,1.0752,1.06394
16384,0.0605,0.0468,1.43974,1.54112
32768,0.1002,0.1125,1.37114,1.18682
65536,0.1646,0.2514,1.79098,2.59174
131072,0.3547,0.4523,3.35053,3.69766
262144,0.6471,0.8845,5.08006,5.54701
524288,1.3482,2.1698,8.56371,8.9856
1048576,2.6135,3.0946,16.2365,15.8863
2097152,7.2024,6.8354,30.7517,29.9653
4194304,11.8227,11.7752,60.7252,56.9825
8388608,24.1999,24.8787,116.346,112.372
16777216,46.4314,45.6448,232.614,232.3
33554432,83.9867,92.5079,465.392,452.856
67108864,185.945,183.811,951.25,892.789
134217728,383.485,373.281,1876.88,1793.12
268435456,744.263,733.446,3807.58,3555.42
16,0.0002,0.0002,0.692224,0.818176
32,0.0002,0.0002,1.39366,0.903168
64,0.0005,0.0004,0.974848,1.43258
128,0.0006,0.0005,0.863232,1.22061
256,0.0007,0.001,1.41005,0.766976
512,0.0016,0.0017,0.807936,1.35373
1024,0.0033,0.0031,0.845824,0.840704
2048,0.0245,0.0063,1.34554,0.796672
4096,0.0112,0.0119,0.937984,0.96256
8192,0.0222,0.0377,0.912384,1.51866
16384,0.0467,0.048,1.68032,1.52986
32768,0.0852,0.1092,1.37523,1.25542
65536,0.1908,0.2309,2.30912,2.7689
131072,0.3593,0.5174,2.98906,3.65773
262144,0.6683,0.9001,5.55315,5.56339
524288,1.3318,1.5163,8.6016,9.02144
1048576,2.7299,3.9506,15.7266,16.94
2097152,5.3239,6.0254,31.4849,29.8619
4194304,10.4438,11.3557,58.1837,56.193
8388608,21.9451,23.0287,117.005,109.9
16777216,46.2893,45.0412,233.969,220.294
33554432,86.3175,92.6062,468.331,446.129
67108864,174.958,189.463,951.943,887.13
134217728,368.314,365.473,1931.13,1793.7
268435456,750.606,737.714,3769.99,3551.85
16,0.0001,0.0002,0.9728,0.828416
32,0.0002,0.0002,0.717824,0.766976
64,0.0004,0.0006,0.78336,0.823296
128,0.0006,0.0006,0.771072,0.809984
256,0.0016,0.001,0.89088,0.835584
512,0.0016,0.0018,0.799744,1.34349
1024,0.0029,0.0031,0.827392,0.809984
2048,0.0054,0.0105,1.01581,0.794624
4096,0.0231,0.0118,0.903168,0.8448
8192,0.0219,0.0238,1.0281,0.874496
16384,0.056,0.047,1.11718,1.11206
32768,0.0826,0.0935,1.29126,1.28307
65536,0.2223,0.2314,1.68755,2.46067
131072,0.3599,0.4407,3.06893,3.79904
262144,1.0599,0.8898,5.10157,5.56237
524288,1.4622,2.0694,8.9856,9.06957
1048576,2.6387,3.1484,16.1505,15.9365
2097152,6.4564,5.732,30.2961,30.5592
4194304,10.7296,11.4505,57.7434,55.3789
8388608,22.4162,23.095,115.594,109.825
16777216,47.0075,46.7376,239.502,220.423
33554432,88.527,92.8298,471.31,440.515
67108864,171.022,179.678,940.627,882.406
134217728,347.354,351.04,1892.85,1788.01
268435456,721.039,723.637,3812.75,3595.58
16,0.0002,0.0002,0.750592,0.925696
32,0.0003,0.0002,0.804864,1.0711
64,0.0003,0.0003,0.871424,1.37728
128,0.0006,0.0006,0.80384,1.05062
256,0.0013,0.001,0.959488,0.996352
512,0.0024,0.0015,0.867328,1.07622
1024,0.0049,0.0035,1.26771,1.06189
2048,0.0095,0.0058,1.04141,1.04038
4096,0.1791,0.0115,1.15917,1.26874
8192,0.0584,0.0408,1.27488,1.82067
16384,0.0754,0.0787,1.21856,1.1008
32768,0.1057,0.1718,1.31277,1.21754
65536,0.165,0.1888,1.93536,2.82317
131072,0.3362,0.4398,3.05152,3.53997
262144,0.8445,0.8689,5.36474,6.72563
524288,1.3519,1.8787,8.9856,9.15456
1048576,2.9072,3.104,15.5924,15.4552
2097152,7.2401,5.8927,29.1482,28.9434
4194304,11.1294,11.9823,60.9147,59.8641
8388608,23.2812,22.3335,116.106,116.614
16777216,45.3039,45.0468,229.259,227.822
33554432,89.5576,93.5437,469.363,452.384
67108864,185.203,179.027,957.157,889.943
134217728,369.254,383.949,1891.72,1819.45
268435456,736.034,715.914,3795.23,3566.87
16,0.0001,0.0003,0.879616,1.02502
32,0.0002,0.0002,0.726016,0.944128
64,0.0003,0.0003,0.74752,1.2073
128,0.014,0.0006,0.91136,0.973824
256,0.001,0.0011,0.751616,1.32608
512,0.0016,0.0022,0.914432,1.10896
1024,0.0242,0.004,1.26669,0.995328
2048,0.0067,0.0075,0.856064,1.16634
4096,0.0197,0.0255,1.05165,0.932864
8192,0.0214,0.0225,1.02502,0.985088
16384,0.0688,0.0586,1.21856,1.39776
32768,0.083,0.0933,1.42541,1.34451
65536,0.1723,0.193,1.80429,2.57536
131072,0.3474,0.482,3.16211,3.61062
262144,0.6769,0.9241,4.95923,5.72928
524288,1.3505,1.6988,8.45312,9.52115
1048576,2.7724,4.1594,15.614,16.129
2097152,5.8294,5.9438,29.9766,29.4666
4194304,10.9456,11.6612,61.9459,55.5366
8388608,22.2763,24.5737,114.3,110.68
16777216,48.7276,44.826,249.142,226.191
33554432,92.6623,97.5941,472.394,457.048
67108864,176.209,179.95,946.636,894.687
134217728,356.808,358.837,1888.29,1776.44
268435456,706.225,718.63,3770.85,3584.62
16,0.0002,0.0002,0.919552,0.898048
32,0.0003,0.0002,0.72192,1.11718
64,0.0004,0.0003,1.13254,1.4592
128,0.0008,0.0005,0.99328,1.0793
256,0.0009,0.001,1.35987,0.991232
512,0.0026,0.0016,1.12333,1.01376
1024,0.0049,0.005,0.871424,1.06496
2048,0.0055,0.0059,0.951296,0.961536
4096,0.0114,0.0116,0.96256,1.17965
8192,0.0534,0.0235,1.08544,1.32608
16384,0.0457,0.0562,1.2544,1.17146
32768,0.1342,0.1246,1.46637,1.63635
65536,0.1695,0.2516,2.11763,2.96755
131072,0.3408,0.505,3.04435,4.25062
262144,0.6867,0.8793,5.2439,5.27053
524288,1.3535,1.518,9.01837,9.06342
1048576,2.662,3.0444,17.1284,16.7926
2097152,5.5299,6.2455,29.6919,29.0601
4194304,10.9316,14.0454,57.0644,55.6861
8388608,22.0226,24.8925,114.156,110.344
16777216,43.1261,48.1358,244.982,230.253
33554432,88.9781,91.2609,472.05,450.364
67108864,178.021,180.784,937.596,891.337
134217728,347.914,356.646,1883.64,1781.72
268435456,693.804,706.507,3739.89,3542.19
16,0.0001,0.0002,0.712704,0.84992
32,0.0003,0.0002,0.740352,0.831488
64,0.0004,0.0004,0.741376,0.825344
128,0.0007,0.0005,0.765952,0.790528
256,0.0008,0.0009,0.733184,0.781312
512,0.0026,0.0015,0.745472,0.756736
1024,0.0053,0.0032,0.781312,0.805888
2048,0.0096,0.0057,0.809984,0.872448
4096,0.0104,0.0111,0.846848,1.04141
8192,0.0226,0.0229,0.994304,1.05267
16384,0.0681,0.0445,1.08339,1.03526
32768,0.1231,0.0956,1.57798,1.23904
65536,0.1888,0.2079,1.97939,2.65626
131072,0.3433,0.54,2.80883,3.23789
262144,0.6702,0.7505,5.28589,5.68525
524288,1.343,1.5573,9.15866,9.12896
1048576,2.7128,3.0017,15.5085,15.4245
2097152,5.7421,5.6114,29.4359,29.5322
4194304,11.4643,11.5027,58.0526,56.6569
8388608,21.0198,23.6533,114.576,112.658
16777216,45.072,46.6837,234.25,219.957
33554432,85.2218,88.9079,471.615,441.621
67108864,175.051,178.321,942.649,893.935
134217728,351.525,359.131,1872.1,1773.66
268435456,690.183,708.749,3762.24,3541.03
16,0.0002,0.0002,1.57082,0.969728
32,0.0001,0.0002,0.93184,1.07827
64,0.0004,0.0004,0.994304,1.1223
128,0.0009,0.0006,0.828416,0.940032
256,0.0012,0.0011,0.863232,0.948224
512,0.0022,0.004,0.820224,1.0025
1024,0.0164,0.0033,1.27693,1.01888
2048,0.0061,0.0067,0.971776,1.06394
4096,0.0115,0.0118,0.837632,1.12435
8192,0.0342,0.0375,1.16531,1.06598
16384,0.0423,0.0456,1.16941,1.44179
32768,0.0886,0.0909,1.55546,1.64864
65536,0.1712,0.2171,1.92717,2.48627
131072,0.3873,0.3772,3.06483,3.91475
262144,0.6632,0.7851,5.5337,5.17018
524288,1.3593,1.6027,8.49101,9.9072
1048576,2.7161,2.9423,17.3025,16.9779
2097152,6.6871,7.0642,29.5987,29.5444
4194304,10.7791,11.6966,58.5626,55.3267
8388608,21.6848,22.5445,116.174,112.329
16777216,43.0374,46.087,231.52,219.94
33554432,87.0853,91.2358,469.637,440.995
67108864,177.783,177.71,936.03,885.3
134217728,356.385,351.197,1873.87,1770.51
268435456,701.888,709.403,3749.61,3533.31
16,0.0001,0.0002,0.703488,1.18784
32,0.0002,0.0002,0.681984,0.848896
64,0.0006,0.0003,1.02298,0.82432
128,0.0005,0.0005,0.764928,0.827392
256,0.0014,0.0011,0.771072,0.9216
512,0.0028,0.0017,0.878592,0.769024
1024,0.0034,0.0034,0.82944,0.7936
2048,0.008,0.0065,1.02707,0.884736
4096,0.0429,0.0128,0.97792,1.11411
8192,0.0248,0.0239,0.971776,1.02195
16384,0.0537,0.0466,1.20218,1.26464
32768,0.0817,0.1112,1.31174,1.24109
65536,0.1658,0.235,1.76538,2.43814
131072,0.3568,0.4812,2.88973,3.54406
262144,0.6851,0.8152,4.9664,6.74202
524288,1.4124,1.5343,8.94157,9.40954
1048576,2.5992,3.0069,15.959,16.0573
2097152,5.2308,5.6642,30.0872,30.0943
4194304,10.9045,11.7277,57.5928,58.2656
8388608,23.6722,24.0372,114.5,109.191
16777216,46.8247,44.6511,229.956,219.93
33554432,87.948,90.2759,465.519,443.19
67108864,189.137,187.937,960.672,900.63
134217728,350.955,350.389,1869.96,1783.44
268435456,706.693,704.719,3685.25,3545.3
16,0.0001,0.0002,0.714752,1.12128
32,0.0002,0.0003,0.724992,1.12333
64,0.0003,0.0003,1.01786,1.00147
128,0.0008,0.0005,0.789504,1.09568
256,0.0008,0.0013,0.857088,0.898048
512,0.0019,0.0017,0.816128,1.03936
1024,0.0028,0.0039,1.02912,1.01888
2048,0.0058,0.0198,1.33325,1.0281
4096,0.0109,0.0119,0.871424,1.0711
8192,0.0213,0.0371,1.15507,1.19194
16384,0.0436,0.0488,1.17043,1.47763
32768,0.0831,0.0959,1.34349,1.31072
65536,0.1751,0.2353,1.81555,2.2743
131072,0.3378,0.513,2.84877,4.15642
262144,0.6879,0.8297,5.04934,5.88083
524288,1.3283,1.5391,8.99379,9.10131
1048576,3.0175,2.9408,15.5894,15.4419
2097152,5.2775,5.751,30.2858,29.8271
4194304,11.5201,12.6888,57.0573,56.2575
8388608,22.5328,24.0229,114.134,109.668
16777216,42.3091,47.406,236.901,221.11
33554432,88.0426,89.9687,470.908,444.777
67108864,175.641,176.034,938.888,885.6
134217728,348.908,355.479,1884.8,1779.45
268435456,699.993,702.784,3735.53,3542.84
16,0.0002,0.0002,0.84992,0.874496
32,0.0004,0.0003,0.68608,0.831488
64,0.0005,0.0004,0.734208,0.86528
128,0.0005,0.0005,0.841728,0.836608
256,0.0011,0.0011,0.896,0.8192
512,0.0028,0.0018,1.02707,0.86528
1024,0.0056,0.0034,0.864256,1.0496
2048,0.0098,0.0061,1.01171,1.03117
4096,0.0111,0.0124,0.920576,1.37318
8192,0.0209,0.0228,1.31686,1.16122
16384,0.0948,0.0454,1.14995,1.16224
32768,0.111,0.1464,1.52166,1.64557
65536,0.1703,0.1855,1.77971,2.67366
131072,0.3508,0.3924,2.85594,3.6311
262144,0.7105,0.892,5.4313,5.62278
524288,1.3744,1.6895,8.55859,9.44742
1048576,3.2414,2.9021,15.5638,15.7594
2097152,5.2771,6.0126,30.4538,28.4611
4194304,12.2937,11.9244,59.435,58.5933
8388608,23.338,22.8811,113.743,108.47
16777216,42.7144,48.4382,234.093,221.272
33554432,89.4402,88.8967,472.12,442.662
67108864,176.158,176.185,943.031,888.302
134217728,354.913,388.454,1879.62,1770.63
268435456,738.871,757.256,3842.28,3580.33
16,0.0002,0.0002,0.878592,0.958464
32,0.0004,0.0003,0.867328,0.940032
64,0.0003,0.0004,2.50982,1.07315
128,0.0005,0.0005,1.12538,1.32813
256,0.0013,0.001,0.965632,0.93696
512,0.0014,0.0019,0.843776,0.969728
1024,0.0049,0.0031,0.907264,1.14586
2048,0.0088,0.0063,0.968704,1.02707
4096,0.011,0.0119,1.09261,1.00557
8192,0.0215,0.0229,1.03424,1.26771
16384,0.0419,0.0504,1.23494,1.37421
32768,0.0831,0.1226,1.37216,1.82067
65536,0.1704,0.1872,1.84115,2.49344
131072,0.336,0.4906,3.01056,3.47853
262144,0.7254,0.9895,4.79539,5.60742
524288,1.3597,1.6569,8.79923,9.16378
1048576,2.6776,3.05,15.615,15.9672
2097152,5.6688,5.7314,30.3657,28.6628
4194304,12.0131,11.7786,57.2559,55.4537
8388608,24.9333,22.8523,114.769,108.86
16777216,44.5357,47.7788,240.661,218.855
33554432,86.2637,88.2306,468.855,447.44
67108864,188.836,182.878,979.09,897.894
134217728,354.732,372.503,1901.86,1787.89
268435456,713.443,739.312,3789.33,3548.12
16,0.0001,0.0002,0.616448,1.09158
32,0.0002,0.0002,0.923648,1.08134
64,0.0003,0.0003,0.912384,1.04653
128,0.0008,0.0008,0.857088,1.0793
256,0.0014,0.001,0.790528,0.996352
512,0.0018,0.0017,0.920576,0.976896
1024,0.0043,0.0055,0.769024,1.09056
2048,0.0054,0.0194,1.00557,1.03526
4096,0.0108,0.0118,1.04141,1.08544
8192,0.0348,0.0222,1.10694,1.27898
16384,0.0449,0.0463,1.3824,1.20627
32768,0.1067,0.0904,1.55238,1.99475
65536,0.177,0.2041,1.78278,2.81907
131072,0.3321,0.5211,2.87232,3.38944
262144,0.6703,0.8383,5.0944,5.67808
524288,1.369,1.5587,8.73882,8.97741
1048576,3.1287,2.7631,15.4204,15.8607
2097152,5.4641,5.7251,30.081,29.2526
4194304,11.2403,11.6317,57.3624,54.8178
8388608,24.0695,23.5972,115.765,111.6
16777216,42.2762,48.2251,236.693,220.163
33554432,89.4538,90.333,463.302,443.183
67108864,175.145,179.769,950.186,899.156
134217728,358.332,356.16,1905.87,1779.27
268435456,721.248,743.58,3758.53,3575.08
16,0.0002,0.0002,0.89088,1.16429
32,0.0004,0.0001,0.792576,1.04653
64,0.0138,0.0003,0.816128,0.76288
128,0.0005,0.0006,0.9216,0.992256
256,0.0009,0.0009,1.04038,0.995328
512,0.0017,0.0018,1.09158,1.03014
1024,0.0048,0.0031,0.893952,0.941056
2048,0.0116,0.0064,0.934912,1.33837
4096,0.0466,0.0124,1.08954,1.27386
8192,0.0589,0.0376,1.15405,1.0537
16384,0.0686,0.0564,1.30662,1.34963
32768,0.1115,0.0931,1.72339,1.66605
65536,0.2136,0.2014,1.99885,2.54874
131072,0.3396,0.4681,3.01773,3.69971
262144,0.7524,0.7204,5.37702,5.05958
524288,1.4298,1.541,8.48486,9.25491
1048576,2.8104,2.8757,15.6621,15.9222
2097152,5.5336,5.7412,29.2219,30.3012
4194304,10.9352,12.1295,57.5222,56.0691
8388608,22.324,24.9028,118.136,109.264
16777216,45.1294,47.4251,235.965,220.261
33554432,88.3907,94.569,471.673,442.528
67108864,192.903,188.105,943.337,909.787
134217728,375.494,364.91,1883.59,1776.7
268435456,716.414,735.546,3747.06,3584.81
16,0.0001,0.0002,0.818176,1.14995
32,0.0003,0.0003,0.857088,1.06496
64,0.0006,0.0003,0.995328,0.80896
128,0.0009,0.0005,0.712704,0.836608
256,0.0009,0.0014,0.722944,0.753664
512,0.0019,0.0017,0.802816,0.838656
1024,0.0186,0.0031,0.86528,0.996352
2048,0.0059,0.0064,0.989184,1.52371
4096,0.0145,0.0155,1.18579,1.34963
8192,0.0236,0.0232,1.08339,0.859136
16384,0.0568,0.0469,1.14074,0.984064
32768,0.1103,0.0936,1.29126,1.45715
65536,0.169,0.2505,1.84627,2.88973
131072,0.3793,0.5221,2.74637,3.42528
262144,0.7077,0.7985,5.22752,5.96992
524288,1.3595,1.485,8.78592,9.54982
1048576,3.4014,2.8998,15.8167,16.4475
2097152,5.4595,6.0612,29.951,29.4717
4194304,11.9487,11.3729,60.0248,56.9436
8388608,22.1231,23.2813,115.09,114.194
16777216,52.4248,45.3878,239.436,228.138
33554432,89.3893,88.7686,471.351,457.313
67108864,182.812,190.56,953.21,892.004
134217728,360.407,353.309,1871.36,1772.29
268435456,701.212,701.868,3750.34,3547.74
16,0.0001,0.0002,0.720896,0.846848
32,0.0002,0.0002,0.687104,1.31994
64,0.0003,0.0003,0.642048,0.864256
128,0.0009,0.0007,1.03834,0.794624
256,0.0017,0.0017,1.00966,0.809984
512,0.0028,0.0017,0.771072,1.32403
1024,0.0051,0.0033,0.973824,0.769024
2048,0.0105,0.0064,1.20013,0.812032
4096,0.0203,0.0259,1.09773,1.24109
8192,0.0218,0.0277,1.13971,0.894976
16384,0.0919,0.0475,1.07622,1.04653
32768,0.1489,0.113,1.29229,1.47661
65536,0.1712,0.2301,1.73466,2.80883
131072,0.3572,0.3741,2.8375,4.29568
262144,0.6953,0.94,5.0903,6.272
524288,1.3033,1.6636,8.94566,10.0168
1048576,2.6615,3.1441,16.172,16.0451
2097152,5.3257,5.8067,31.234,30.1353
4194304,10.3885,13.1513,58.7244,56.3589
8388608,23.4203,24.7768,117.098,110.33
16777216,42.986,48.0559,234.404,220.712
