Array Size,CPU (s),Na‹ve(s),Efficient (s),Shared Memory (s),Thrust (s)
13,0.0002,0.172032,0.093184,0.146432,0.120832
29,0,0.177152,0.125952,0.271392,0.119808
61,0.0001,0.307232,0.13824,0.139264,0.132096
125,0.0001,0.19456,0.151552,0.151552,0.465888
253,0.0002,0.221184,0.179232,0.229376,0.12288
509,0.0006,0.211968,0.185344,0.171008,0.139232
1021,0.0008,0.234464,0.208864,0.1536,0.14336
2045,0.0024,0.25088,0.226304,0.15664,0.1024
4093,0.0027,0.267296,0.228384,0.190496,0.128
8189,0.0042,0.287744,0.331776,0.18944,0.115712
16381,0.0105,0.386048,0.28976,0.152416,0.128
32765,0.0207,0.536576,0.31232,0.16224,0.224256
65533,0.0395,0.65632,0.323584,0.178176,0.188416
131069,0.7155,1.0537,0.370336,0.18944,0.376544
262141,1.3405,2.25283,0.44032,0.2304,0.453632
524285,2.6065,4.23936,0.729088,0.256992,0.318464
1048573,5.1172,7.98003,1.10896,0.453248,0.52624
2097149,9.4513,15.7261,2.74637,0.56528,0.8704
4194301,18.5157,32.8335,3.29872,0.869184,0.729568
8388605,39.8544,63.3057,6.31706,1.52157,0.745472
16777213,77.2047,128.479,10.8278,2.81293,1.21651
33554429,149.632,254.301,29.5578,5.42582,1.85139
67108861,286.12,513.441,54.1204,10.7981,3.32787
13,0.0001,0.162816,0.109568,0.201728,0.141312
29,0.0001,0.310272,0.116736,0.190464,0.14336
61,0.0002,0.1792,0.139264,0.186368,0.140288
125,0.0002,0.190464,0.152576,0.188416,0.14848
253,0.0004,0.18944,0.172032,0.186368,0.150528
509,0.0006,0.19968,0.198656,0.206848,0.132096
1021,0.0008,0.208896,0.21504,0.181248,0.212992
2045,0.0197,0.221184,0.203776,0.200704,0.14336
4093,0.0022,0.23552,0.22528,0.197632,0.145408
8189,0.0037,0.268288,0.26624,0.203776,0.149504
16381,0.0167,0.331776,0.28768,0.257024,0.140256
32765,0.0523,0.423936,0.306176,0.166912,0.140288
65533,0.0401,0.617472,0.321536,0.193536,0.149504
131069,0.6029,1.024,0.463872,0.200704,0.459776
262141,1.216,2.06848,0.384896,0.217088,0.669056
524285,2.3575,4.63315,0.744832,0.274272,0.47104
1048573,4.6846,8.47766,1.35066,0.36704,0.539168
2097149,11.1873,15.5949,3.00954,0.525056,0.566816
4194301,18.7532,31.4044,4.18509,0.920032,0.734624
8388605,37.6479,61.8981,6.65702,1.51242,0.8448
16777213,77.5991,123.857,15.0646,2.88973,1.19654
33554429,144.806,257.691,21.2378,5.45654,1.8385
67108861,288.074,515.017,65.6876,10.9711,3.31923
13,0.0001,0.181248,0.1024,0.185344,0.131072
29,0.0002,0.16384,0.136192,0.173056,0.155648
61,0.0001,0.1792,0.132096,0.181248,0.144384
125,0.0003,0.146432,0.154624,0.18432,0.14848
253,0.0004,0.218112,0.177152,0.185344,0.140288
509,0.0007,0.202752,0.193536,0.3584,0.146432
1021,0.0006,0.280576,0.212992,0.173056,0.229376
2045,0.0018,0.218112,0.232448,0.190464,0.13312
4093,0.0041,0.503808,0.241664,0.156672,0.140288
8189,0.0228,0.268288,0.403456,0.1536,0.155648
16381,0.0082,0.330176,0.289792,0.181248,0.152928
32765,0.018,0.48128,0.303104,0.191488,0.123392
65533,0.0376,0.647168,0.309952,0.156672,0.139264
131069,0.6,1.23187,0.357376,0.156192,0.497664
262141,1.1754,2.28045,0.72192,0.182272,0.3328
524285,2.3429,3.84717,0.700832,0.297984,0.471392
1048573,4.9952,7.5505,1.06019,0.38912,0.5064
2097149,9.7312,15.6122,2.71392,0.56496,0.590368
4194301,20.5255,31.658,3.36486,0.856064,0.755136
8388605,36.7543,64.4387,6.43328,1.64006,0.888384
16777213,77.2401,125.498,10.8857,2.81885,1.23645
33554429,148.738,255.076,29.399,5.44768,1.82144
67108861,288.34,509.624,53.1692,10.9475,3.2768
13,0.0001,0.159744,0.105472,0.187392,0.140288
29,0.0002,0.173056,0.11776,0.185344,0.14336
61,0.0001,0.178176,0.136192,0.192512,0.140288
125,0.0003,0.233472,0.16384,0.186368,0.108544
253,0.0005,0.191488,0.169984,0.186368,0.145408
509,0.0005,0.202752,0.188416,0.187392,0.156672
1021,0.0008,0.509952,0.21504,0.180224,0.151552
2045,0.0009,0.221184,0.242688,0.197632,0.14336
4093,0.002,0.239616,0.217088,0.139264,0.14848
8189,0.0036,0.268288,0.270336,0.196608,0.144384
16381,0.0259,0.3232,0.29184,0.18528,0.150848
32765,0.02,0.47616,0.295936,0.198656,0.11776
65533,0.0407,0.64,0.324608,0.120832,0.11776
131069,0.6192,1.02912,0.35328,0.167936,0.320512
262141,1.2133,2.22208,0.410624,0.217088,0.805216
524285,2.3559,3.81645,0.711296,0.283072,0.487904
1048573,4.4386,7.68205,1.32506,0.3632,0.582656
2097149,9.6248,15.3055,2.04493,0.523584,0.514048
4194301,18.9742,31.0414,4.08986,0.850752,0.657056
8388605,39.026,63.1378,6.69139,1.50938,0.837632
16777213,74.2964,125.872,15.0692,2.84518,1.21094
33554429,147.765,255.306,21.1462,5.45587,1.93587
67108861,288.013,510.592,66.0961,10.8513,3.3807
13,0.0001,0.136192,0.10752,0.187392,0.156672
29,0.0001,0.191488,0.135168,0.185344,0.136192
61,0.0002,0.180224,0.128,0.176128,0.142336
125,0.0001,0.22016,0.150528,0.180224,0.144384
253,0.0002,0.187392,0.227328,0.191488,0.16384
509,0.0007,0.197632,0.190464,0.18432,0.15872
1021,0.0011,0.27648,0.223232,0.18432,0.242688
2045,0.0022,0.217088,0.228352,0.19968,0.140288
4093,0.0026,0.241664,0.223232,0.223232,0.126976
8189,0.0041,0.270336,0.39424,0.150528,0.149504
16381,0.0082,0.321024,0.292864,0.180064,0.140288
32765,0.0407,0.420864,0.306176,0.195584,0.135104
65533,0.0389,0.618496,0.319488,0.18944,0.145408
131069,0.5861,1.04653,0.359424,0.193536,0.40448
262141,1.1771,2.06848,0.436224,0.244736,0.442368
524285,2.3564,3.83181,0.71216,0.299008,0.615424
1048573,4.4401,8.33706,1.09056,0.461824,0.499712
2097149,9.1967,15.8243,2.42586,0.64512,0.541696
4194301,18.1289,32.6072,3.53434,0.837088,0.753664
8388605,39.0477,63.6659,7.67898,1.7193,0.851968
16777213,73.7846,125.981,10.8298,2.80986,1.19686
33554429,145.945,253.542,29.7062,5.46778,1.92176
67108861,295.301,514.055,52.0526,10.7079,3.34522
13,0.0001,0.18944,0.108544,0.191488,0.1536
29,0.0001,0.166912,0.120832,0.181248,0.159744
61,0.0003,0.17408,0.145408,0.18432,0.151552
125,0.0002,0.191488,0.14848,0.192512,0.131072
253,0.0005,0.19456,0.173056,0.186368,0.149504
509,0.0005,0.211968,0.197632,0.177152,0.139264
1021,0.001,0.49664,0.208896,0.18432,0.140288
2045,0.0014,0.219136,0.202752,0.207872,0.146432
4093,0.004,0.672768,0.379904,0.146432,0.392192
8189,0.0039,0.269312,0.26112,0.196608,0.154624
16381,0.0082,0.324608,0.290816,0.19456,0.172032
32765,0.0203,0.423936,0.30752,0.195584,0.14064
65533,0.039,0.625664,0.326656,0.18432,0.167424
131069,0.9045,1.02093,0.354304,0.201728,0.463872
262141,1.2119,2.03571,0.425984,0.215392,0.5632
524285,2.3415,3.8377,0.753664,0.303488,0.483328
1048573,4.4805,7.61187,1.35168,0.376384,0.527904
2097149,11.0422,15.5402,1.98554,0.548864,0.590848
4194301,17.9776,30.7869,4.71907,0.833248,0.701952
8388605,39.1168,62.4769,7.77274,1.59811,0.763904
16777213,75.6296,126.079,15.4981,2.8184,1.37664
33554429,143.249,253.889,21.1436,5.43485,1.96445
67108861,287.915,512.935,67.2875,10.6634,3.23686
13,0.0001,0.160768,0.105472,0.181248,0.144384
29,0.0003,0.166912,0.128,0.183296,0.160768
61,0.0003,0.178176,0.129024,0.18944,0.149504
125,0.0004,0.183296,0.164864,0.183296,0.134144
253,0.0003,0.190464,0.171008,0.191488,0.141312
509,0.0007,0.208896,0.277504,0.144384,0.15872
1021,0.0005,0.262144,0.217088,0.187392,0.16896
2045,0.0022,0.221184,0.354304,0.206848,0.14848
4093,0.0041,0.294912,0.284672,0.202752,0.152576
8189,0.0065,0.268288,0.24064,0.19968,0.147456
16381,0.0277,0.360448,0.290816,0.181216,0.15872
32765,0.0202,0.816128,0.305152,0.187392,0.146432
65533,0.0363,0.664352,0.328704,0.194496,0.191488
131069,0.5996,1.02605,0.354208,0.211968,0.454048
262141,1.2095,2.10637,0.408576,0.211968,0.536576
524285,2.3557,3.82054,0.658848,0.284672,0.452064
1048573,4.7902,7.56736,1.10694,0.37328,0.493568
2097149,9.1747,16.439,2.38166,0.499584,0.609184
4194301,19.2566,30.6903,3.63357,0.971456,0.6856
8388605,36.3212,63.6481,6.4215,1.51952,3.09805
16777213,78.8757,126.809,10.88,2.9552,1.21549
33554429,147.071,254.475,29.5762,5.45245,1.8431
67108861,291.962,510.529,53.0524,10.7407,3.38301
13,0.0001,0.223232,0.110592,0.192512,0.14848
29,0.0001,0.171008,0.14336,0.177152,0.140288
61,0.0003,0.188416,0.14848,0.326656,0.135168
125,0.0003,0.246784,0.1536,0.185344,0.161792
253,0.0003,0.214016,0.178176,0.186368,0.140288
509,0.0004,0.201728,0.195584,0.193536,0.142336
1021,0.001,0.237568,0.212992,0.191488,0.144384
2045,0.002,0.252928,0.203776,0.171008,0.190464
4093,0.0028,0.233472,0.365568,0.202752,0.14336
8189,0.0037,0.284672,0.273408,0.2048,0.146432
16381,0.0093,0.324608,0.290528,0.185344,0.156544
32765,0.0196,0.41984,0.295936,0.19456,0.135936
65533,0.0562,0.654336,0.32768,0.197632,0.140224
131069,0.5838,1.04755,0.3584,0.431104,0.433152
262141,1.2042,2.07974,0.392192,0.222208,0.405504
524285,2.3565,3.84698,0.74304,0.295936,0.443392
1048573,4.4383,7.60192,1.4039,0.374784,0.451584
2097149,9.2389,15.8607,1.95414,0.528,0.58
4194301,18.0021,32.0266,4.16461,0.854912,0.602752
8388605,37.4105,62.3984,6.65341,1.64614,0.821248
16777213,74.9669,125.463,15.1613,2.89485,1.22029
33554429,149.511,254.163,21.2683,5.45379,1.97779
67108861,289.986,514.568,67.0095,10.6535,3.30627
13,0.0001,0.201728,0.104448,0.190464,0.14848
29,0.0001,0.152576,0.120832,0.548864,0.14336
61,0.0002,0.200704,0.146432,0.19456,0.167936
125,0.0001,0.387072,0.164864,0.18944,0.13312
253,0.0003,0.191488,0.318464,0.200704,0.14336
509,0.0005,0.257024,0.196608,0.186368,0.141312
1021,0.0013,0.239616,0.217088,0.187392,0.152576
2045,0.0008,0.221184,0.206848,0.197632,0.150528
4093,0.0041,0.311296,0.264192,0.192512,0.147456
8189,0.0035,0.277504,0.400384,0.200704,0.14848
16381,0.0166,0.309248,0.299008,0.197632,0.427616
32765,0.0179,0.42496,0.308224,0.187168,0.124928
65533,0.0425,0.664576,0.319488,0.27504,0.132096
131069,0.5874,1.02605,0.342464,0.200704,0.411392
262141,1.1768,2.47398,0.439296,0.219776,0.482304
524285,2.2765,3.82259,0.731136,0.273408,0.402432
1048573,4.5344,7.56381,1.07562,0.478208,0.559104
2097149,9.5215,15.6197,2.47152,0.531776,0.555008
4194301,19.2017,31.2812,3.33926,0.848864,1.1473
8388605,39.4765,63.0618,6.3737,1.52509,0.839392
16777213,73.7667,127.059,10.8257,2.81059,1.24723
33554429,147.964,254.077,29.8312,5.53626,1.92189
67108861,289.198,510.028,50.8928,10.7448,3.36691
13,0.0001,0.139264,0.111616,0.171008,0.14336
29,0.0001,0.228352,0.120832,0.187392,0.135168
61,0.0003,0.224256,0.13824,0.177152,0.16896
125,0.0003,0.183296,0.15872,0.14336,0.113664
253,0.0004,0.197632,0.161792,0.144384,0.114688
509,0.0007,0.2048,0.195584,0.139264,0.116736
1021,0.0007,0.555008,0.207872,0.144384,0.205824
2045,0.0009,0.290816,0.236544,0.197632,0.125952
4093,0.0021,0.27648,0.228352,0.1536,0.120832
8189,0.0113,0.273408,0.268288,0.14336,0.103424
16381,0.0083,0.413696,0.311296,0.143904,0.120832
32765,0.0181,0.434912,0.29696,0.149504,0.421856
65533,0.0399,0.623616,0.319488,0.157696,0.116736
131069,0.5837,1.03936,0.349184,0.379904,0.461792
262141,1.1707,2.55795,0.422912,0.231424,0.477152
524285,2.3432,4.14413,0.722944,0.280992,0.453248
1048573,4.5677,7.77011,1.32669,0.367616,0.495616
2097149,9.5429,16.9481,1.97715,0.533248,0.598016
4194301,19.0753,32.7535,4.57421,0.836416,0.592896
8388605,38.4607,62.447,6.6775,1.5145,0.83392
16777213,72.4156,126.82,15.5839,3.15581,1.62701
33554429,149.891,250.888,21.0643,5.45178,1.92915
67108861,295.535,513.397,67.0297,10.6527,3.30752
13,0.0001,0.140288,0.10752,0.186368,0.14336
29,0.0003,0.16384,0.126976,0.19968,0.139264
61,0.0001,0.1792,0.131072,0.183296,0.146432
125,0.0001,0.190464,0.151552,0.190464,0.155648
253,0.0003,0.212992,0.176128,0.191488,0.193536
509,0.0006,0.203776,0.187392,0.145408,0.114688
1021,0.0005,0.246784,0.207872,0.149504,0.11264
2045,0.0023,0.249856,0.203776,0.151552,0.106496
4093,0.002,0.234496,0.375808,0.2048,0.23552
8189,0.0042,0.269312,0.270336,0.15872,0.104448
16381,0.0101,0.325632,0.279552,0.14336,0.117088
32765,0.0205,0.458752,0.30864,0.150912,0.147456
65533,0.0387,0.620544,0.313344,0.198432,0.115712
131069,0.5835,1.03424,0.349184,0.169984,0.322176
262141,1.1694,2.03469,0.386688,0.233472,0.894848
524285,2.4088,3.82566,1.43661,0.289792,0.439232
1048573,4.5664,7.57651,1.0711,0.369664,0.519168
2097149,8.979,16.2956,2.5,0.501216,0.523264
4194301,18.0382,30.5306,3.5159,0.85504,0.678208
8388605,41.8273,62.8396,6.35328,1.51654,0.83488
16777213,74.036,126.913,10.9189,2.8311,1.26874
33554429,145.586,253.385,29.6008,5.4528,3.34131
67108861,293.193,516.188,53.1882,10.8073,3.32934
13,0.0003,0.166912,0.11264,0.164864,0.156672
29,0.0003,0.171008,0.123904,0.18944,0.145408
61,0.0002,0.191488,0.136192,0.18944,0.152576
125,0.0003,0.191488,0.149504,0.570368,0.15872
253,0.0003,0.154624,0.161792,0.355328,0.16384
509,0.0007,0.19968,0.206848,0.197632,0.11264
1021,0.0006,0.23552,0.19456,0.14848,0.162816
2045,0.0009,0.22016,0.197632,0.152576,0.098304
4093,0.002,0.259072,0.232448,0.155648,0.132096
8189,0.0038,0.268288,0.27136,0.151552,0.141312
16381,0.0077,0.335872,0.770048,0.196608,0.252608
32765,0.019,0.421888,0.3072,0.152576,0.116736
65533,0.0396,0.643072,0.328704,0.161792,0.131072
131069,0.6013,1.01786,0.3584,0.183264,0.431104
262141,1.2559,2.18419,0.432128,0.188416,0.335872
524285,2.4264,3.83078,0.718656,0.270304,0.67072
1048573,4.4386,7.55814,1.32352,0.367392,0.55296
2097149,8.9873,15.7182,2.00547,0.538624,0.496512
4194301,18.8244,35.8431,4.49843,0.851968,0.663136
8388605,41.9394,61.4039,6.86179,1.51824,0.84224
16777213,74.1476,126.335,15.0482,3.16493,1.18262
33554429,148.206,255.629,22.5295,5.46918,1.90918
67108861,295.783,512.748,67.4381,10.6625,3.31978
13,0.0001,0.126976,0.100352,0.195584,0.146432
29,0.0002,0.191488,0.123904,0.196608,0.150528
61,0.0001,0.211968,0.146432,0.182272,0.151552
125,0.0002,0.18432,0.152576,0.188416,0.137216
253,0.0003,0.19456,0.176128,0.19456,0.136192
509,0.0005,0.207872,0.196608,0.197632,0.1536
1021,0.0009,0.208896,0.212992,0.196608,0.166912
2045,0.002,0.239616,0.208896,0.195584,0.131072
4093,0.0039,0.26624,0.234496,0.144384,0.152576
8189,0.0038,0.275456,0.27648,0.212992,0.150528
16381,0.0078,0.32768,0.290816,0.197376,0.164864
32765,0.02,0.41984,0.305152,0.190368,0.23504
65533,0.0402,0.636928,0.32768,0.19456,0.146432
131069,0.5905,1.02912,0.355328,0.201728,0.444
262141,1.177,2.1289,0.402432,0.229376,0.463872
524285,2.3427,3.84032,0.704512,0.285696,0.717184
1048573,4.6843,7.68819,1.09875,0.37376,0.515904
2097149,9.4534,15.3149,2.31936,0.541312,0.389824
4194301,18.0166,30.7586,3.31664,0.845824,0.679424
8388605,40.1057,62.1967,6.45325,1.57629,1.0247
16777213,73.6937,126.823,10.9163,2.82669,1.3056
33554429,150.986,253.733,29.7636,5.47091,1.97696
67108861,296.562,509.493,51.4953,10.6547,3.32941
13,0.0001,0.214016,0.10752,0.18944,0.142336
29,0.0001,0.493568,0.115712,0.19456,0.14848
61,0.0001,0.190464,0.141312,0.186368,0.154624
125,0.0002,0.183296,0.152576,0.321536,0.146432
253,0.0002,0.16384,0.180224,0.178176,0.178176
509,0.0004,0.201728,0.192512,0.188416,0.229376
1021,0.0006,0.2304,0.2048,0.18944,0.157696
2045,0.0021,0.219136,0.241664,0.152576,0.147456
4093,0.002,0.265216,0.223232,0.205824,0.165888
8189,0.0036,0.268288,0.397312,0.203776,0.166912
16381,0.0088,0.338944,0.290784,0.182272,0.167936
32765,0.0191,0.438272,0.298528,0.149504,0.11776
65533,0.0371,0.615424,0.313344,0.145408,0.121856
131069,0.6032,1.01786,0.355328,0.159744,0.410624
262141,1.3339,2.05107,0.41984,0.178176,0.46592
524285,2.3411,3.83962,0.715104,0.298464,0.462144
1048573,4.4394,8.21853,1.25747,0.356352,0.51712
2097149,9.8516,16.3748,2.0009,0.501056,0.575296
4194301,18.9733,30.7948,4.1472,0.881152,0.676576
8388605,39.1131,61.6878,6.64202,1.54931,0.840704
16777213,73.737,125.953,16.5622,2.87904,1.17731
33554429,149.902,254.109,21.0519,5.46154,1.90662
67108861,297.692,511.745,66.2487,10.6864,3.31162
13,0.0001,0.17408,0.100352,0.167936,0.141312
29,0.0001,0.183296,0.129024,0.190464,0.151552
61,0.0001,0.175104,0.135168,0.183296,0.139264
125,0.0003,0.187392,0.157696,0.186368,0.141312
253,0.0003,0.224256,0.176128,0.192512,0.139264
509,0.0005,0.2048,0.191488,0.18432,0.146432
1021,0.0011,0.232448,0.208896,0.18944,0.1536
2045,0.0021,0.2304,0.206848,0.19968,0.131072
4093,0.004,0.23552,0.224256,0.328704,0.144384
8189,0.0054,0.270336,0.390144,0.205824,0.145408
16381,0.0085,0.324608,0.290304,0.185728,0.265216
32765,0.0175,0.459776,0.30208,0.192384,0.139264
65533,0.041,0.616448,0.320512,0.151552,0.119808
131069,0.6038,1.02912,0.370688,0.164192,0.45568
262141,1.1759,2.0695,0.432128,0.183296,0.468992
524285,2.344,3.75555,0.742016,0.293728,0.540672
1048573,4.6835,8.73149,1.09261,0.360352,0.502784
2097149,9.2438,15.8031,2.6592,0.521216,0.513024
4194301,19.2676,32.4422,3.29523,0.863232,0.672768
8388605,40.4245,62.3635,6.5065,1.51296,0.871424
16777213,72.5093,123.856,10.8216,2.81645,1.13664
33554429,146.225,253.632,29.4851,5.45056,1.94237
67108861,296.254,513.167,51.3833,10.694,3.62282
13,0.0001,0.205824,0.108544,0.198656,0.141312
29,0.0001,0.166912,0.12288,0.192512,0.13824
61,0.0001,0.178176,0.13824,0.197632,0.14336
125,0.0003,0.187392,0.1536,0.8192,0.152576
253,0.0003,0.205824,0.1792,0.176128,0.134144
509,0.0006,0.2048,0.195584,0.18432,0.11776
1021,0.0004,0.231424,0.202752,0.140288,0.11776
2045,0.0009,0.233472,0.324608,0.16384,0.128
4093,0.0019,0.234496,0.231424,0.152576,0.104448
8189,0.0042,0.335872,0.273408,0.181248,0.110592
16381,0.015,0.330752,0.29024,0.243712,0.12288
32765,0.0183,0.433152,0.313088,0.192512,0.116736
65533,0.0358,0.643072,0.329728,0.149504,0.116064
131069,0.5836,1.05267,0.37376,0.161696,0.463872
262141,1.1774,2.03981,0.388096,0.181152,0.472064
524285,2.3747,3.8081,0.718208,0.251456,0.513024
1048573,4.4388,7.83907,1.36022,0.37888,0.503808
2097149,10.1363,15.4518,2.01114,0.50336,0.658912
4194301,18.3547,30.7844,4.14045,0.916832,0.659232
8388605,35.9609,62.338,6.67443,1.49274,0.839168
16777213,72.0274,125.271,15.1423,2.82624,1.1159
33554429,146.136,254.702,21.139,5.91098,1.93398
67108861,295.565,512.52,66.0659,12.2854,3.24608
13,0,0.18944,0.098304,0.16384,0.152576
29,0.0001,0.453632,0.126976,0.185344,0.16384
61,0.0001,0.234496,0.13312,0.203776,0.132096
125,0.0002,0.187392,0.152576,0.186368,0.155648
253,0.0004,0.192512,0.17408,0.183296,0.15872
509,0.0005,0.249856,0.197632,0.191488,0.154624
1021,0.001,0.206848,0.232448,0.202752,0.44544
2045,0.0019,0.22528,0.357376,0.19968,0.14848
4093,0.0041,0.236544,0.231424,0.191488,0.146432
8189,0.0036,0.380928,0.390144,0.210944,0.19968
16381,0.0101,0.403456,0.289792,0.186368,0.141312
32765,0.0184,0.41984,0.55808,0.185344,0.165888
65533,0.0406,0.668672,0.323584,0.199104,0.16384
131069,0.5999,1.536,0.370688,0.371712,0.412352
262141,1.1704,2.58662,0.425984,0.22016,0.654336
524285,2.344,3.85814,0.690176,0.287744,0.49696
1048573,4.4391,7.56669,1.17453,0.657408,0.490816
2097149,9.185,15.5494,2.40589,0.536,0.553728
4194301,18.0633,30.6606,3.31571,0.836544,0.67584
8388605,39.46,62.5036,6.65805,1.52973,0.762752
16777213,72.8385,125.441,12.0996,2.83398,1.26845
33554429,144.21,254.222,29.4854,5.7169,1.92138
67108861,291.162,514.954,53.144,10.6833,3.36794
13,0.0001,0.13824,0.10752,0.18944,0.149504
29,0.0001,0.211968,0.11264,0.180224,0.18432
61,0.0002,0.292864,0.146432,0.188416,0.136192
125,0.0003,0.169984,0.162816,0.198656,0.154624
253,0.0004,0.187392,0.177152,0.187392,0.149504
509,0.0007,0.19968,0.193536,0.145408,0.11776
1021,0.0012,0.232448,0.2048,0.147456,0.114688
2045,0.0018,0.22528,0.206848,0.156672,0.100352
4093,0.002,0.23552,0.231424,0.162816,0.10752
8189,0.0042,0.283648,0.292864,0.156672,0.226304
16381,0.0347,0.328704,0.29184,0.20064,0.119744
32765,0.0308,0.422912,0.304128,0.1536,0.151392
65533,0.0415,0.664576,0.311296,0.14848,0.169984
131069,0.6025,1.59539,0.352256,0.152576,0.336896
262141,1.1715,2.9952,0.449536,0.214016,0.431104
524285,2.3575,4.13782,0.738304,0.272832,0.413696
1048573,4.4384,7.92368,1.28342,0.379904,0.517728
2097149,10.0563,16.1925,1.99053,0.570368,0.493152
4194301,18.5013,31.9905,4.14966,1.18739,0.636448
8388605,36.5267,62.4568,6.61914,1.53946,0.970752
16777213,73.8542,123.607,14.9719,2.81443,1.18547
33554429,147.252,257.921,21.2178,5.46365,1.89837
67108861,290.144,511.514,66.0168,10.9066,3.38842
13,0.0001,0.177152,0.098304,0.19456,0.136192
29,0.0001,0.1792,0.118784,0.248832,0.14336
61,0.0002,0.221184,0.139264,0.18432,0.144384
125,0.0003,0.195584,0.16384,0.191488,0.166912
253,0.0003,0.228352,0.172032,0.17408,0.157696
509,0.0007,0.224256,0.19456,0.19968,0.144384
1021,0.0012,0.231424,0.20992,0.195584,0.130048
2045,0.0015,0.339968,0.2304,0.244736,0.149504
4093,0.0041,0.239616,0.226304,0.161792,0.151552
8189,0.0034,0.270336,0.372736,0.203776,0.131072
16381,0.009,0.356352,0.283552,0.185344,0.13824
32765,0.0198,0.405504,0.299008,0.203776,0.166912
65533,0.0415,0.62976,0.319488,0.149216,0.124928
131069,0.5861,1.0752,0.34912,0.187392,0.325984
262141,1.1718,2.03878,0.4096,0.218112,0.464896
524285,2.3548,3.83683,0.979968,0.38496,0.442144
1048573,4.441,7.56006,1.09261,0.364544,0.469536
2097149,9.8416,15.3057,2.50266,0.498688,0.556032
4194301,18.8915,31.0034,3.31414,0.84752,0.601056
8388605,36.5757,63.3569,6.5024,1.51347,2.2103
16777213,75.6577,126.289,12.2015,2.82624,2.53952
33554429,149.245,257.183,29.4851,5.46144,1.82122
67108861,299.695,524.993,51.1833,10.6854,3.29795
13,0,0.178176,0.10752,0.169984,0.14336
29,0.0001,0.190464,0.121856,0.190464,0.140288
61,0.0001,0.172032,0.13312,0.244736,0.162816
125,0.0002,0.182272,0.154624,0.177152,0.142336
253,0.0003,0.16896,0.171008,0.190464,0.145408
509,0.0006,0.195584,0.192512,0.169984,0.564224
1021,0.0012,0.24576,0.214016,0.188416,0.136192
2045,0.0021,0.221184,0.228352,0.190464,0.149504
4093,0.002,0.234496,0.403456,0.200704,0.149504
8189,0.0237,0.295936,0.272384,0.19456,0.159744
16381,0.0085,0.324608,0.290816,0.182272,0.137024
32765,0.0194,0.41472,0.30208,0.186368,0.1464
65533,0.0383,0.886784,0.321536,0.207744,0.157696
131069,0.5864,1.03117,0.3584,0.200704,0.454656
262141,1.1701,2.09203,0.393216,0.217024,0.438272
524285,2.4096,4.16326,0.729088,0.278528,0.463744
1048573,4.9552,8.18147,1.2585,0.367264,0.544768
2097149,8.875,15.703,1.9792,0.503808,0.56832
4194301,19.5579,34.6804,4.14413,0.857472,0.587296
8388605,42.3665,90.1407,9.5191,2.45626,0.815104
16777213,77.9639,136.279,14.8859,2.82038,1.16326
33554429,147.168,255.286,21.0964,5.44221,1.90541
67108861,294.146,515.047,66.348,10.6772,3.3759
13,0,0.169984,0.109568,0.226304,0.165888
29,0.0001,0.1792,0.169984,0.186368,0.13824
61,0.0001,0.180224,0.144384,0.19968,0.135168
125,0.0001,0.247808,0.166912,0.203776,0.13312
253,0.0002,0.190464,0.172032,0.19456,0.165888
509,0.0006,0.198656,0.195584,0.183296,0.14848
1021,0.0012,0.233472,0.216064,0.182272,0.155648
2045,0.0022,0.24064,0.367616,0.196608,0.147456
4093,0.0043,0.315392,0.244736,0.19456,0.120832
8189,0.0037,0.319488,0.268288,0.195584,0.202752
16381,0.008,0.323584,0.277504,0.200704,0.1536
32765,0.0182,0.41984,0.306176,0.25088,0.13456
65533,0.0494,0.67584,0.351232,0.20992,0.132096
131069,0.6014,1.02195,0.3584,0.164864,0.366592
262141,1.1716,2.03162,0.423936,0.178624,0.320512
524285,2.5048,3.84614,0.702464,0.29376,0.481856
1048573,4.6846,8.07293,1.10592,0.366912,0.543552
2097149,10.4857,15.4614,2.44736,0.524288,0.482304
4194301,18.0219,32.6123,3.29626,1.92464,0.721344
8388605,37.6827,62.4448,6.50083,1.50998,0.935712
16777213,74.2777,126.238,10.8093,2.8887,1.24314
33554429,151.481,253.666,29.609,5.45261,1.92
67108861,294.536,512.896,53.6508,10.6585,3.32736
13,0.0001,0.201728,0.106496,0.216064,0.119808
29,0.0001,0.181248,0.115712,0.186368,0.140288
61,0.0002,0.177152,0.144384,0.191488,0.136192
125,0.0004,0.196608,0.14848,0.187392,0.140288
253,0.0002,0.203776,0.176128,0.147456,0.162816
509,0.0004,0.267264,0.19456,0.150528,0.11776
1021,0.0005,0.232448,0.210944,0.178176,0.114688
2045,0.0008,0.228352,0.310272,0.157696,0.110592
4093,0.0172,0.238592,0.336896,0.159744,0.099328
8189,0.0037,0.275456,0.347136,0.159744,0.10752
16381,0.0101,0.379904,0.291776,0.15872,0.125952
32765,0.0704,0.434176,0.297984,0.191488,0.145408
65533,0.0395,0.622592,0.314368,0.205664,0.206848
131069,0.5848,1.17965,0.35328,0.155648,0.4608
262141,1.1699,2.0265,0.453632,0.177152,0.474112
524285,2.4247,3.83898,0.7424,0.303104,0.432704
1048573,4.7106,7.87763,1.37062,0.366208,0.54784
2097149,8.9276,15.9568,2.0224,0.516736,0.5312
4194301,18.4238,30.9046,4.50253,0.816128,0.666464
8388605,36.0786,62.2638,6.7369,1.51802,0.796352
16777213,73.0519,126.015,15.0678,2.83702,1.17453
33554429,148.167,253.71,21.1317,5.45888,1.91555
67108861,290.132,514.523,64.7895,10.946,3.26451
13,0.0001,0.140288,0.1024,0.197632,0.169984
29,0.0001,0.165888,0.136192,0.186368,0.150528
61,0.0001,0.173056,0.137216,0.188416,0.14848
125,0.0001,0.182272,0.1536,0.191488,0.152576
253,0.0004,0.190464,0.17408,0.182272,0.151552
509,0.0006,0.20992,0.19456,0.192512,0.155648
1021,0.0005,0.233472,0.217088,0.226304,0.1536
2045,0.0021,0.2304,0.35328,0.198656,0.14848
4093,0.0039,0.436224,0.24064,0.149504,0.151552
8189,0.0224,0.370688,0.26624,0.195584,0.144384
16381,0.0095,0.434176,0.294912,0.198656,0.165888
32765,0.0268,0.45568,0.309248,0.154624,0.121856
65533,0.0382,0.628736,0.365568,0.157696,0.11808
131069,0.5843,1.02195,0.355328,0.156672,0.497664
262141,1.2131,2.04698,0.416768,0.18368,0.605184
524285,2.4084,3.8417,0.702464,0.298752,0.436992
1048573,4.4411,8.10656,1.08544,0.36448,0.693088
2097149,10.4417,16.6892,2.42928,0.544768,0.493472
4194301,19.0591,32.1852,3.4048,0.869856,0.672768
8388605,36.1955,62.464,6.37904,1.50275,0.93696
16777213,72.6195,126.25,10.7678,2.82291,1.30202
33554429,143.243,252.774,29.5455,5.4927,1.92486
67108861,293.861,515.596,52.2803,10.6666,3.39808
13,0.0001,0.181248,0.108544,0.180224,0.13312
29,0.0001,0.180224,0.116736,0.187392,0.14848
61,0.0002,0.17408,0.144384,0.190464,0.13824
125,0.0002,0.185344,0.1536,0.193536,0.151552
253,0.0003,0.190464,0.171008,0.18944,0.14336
509,0.0004,0.202752,0.202752,0.176128,0.157696
1021,0.0007,0.289792,0.218112,0.196608,0.140288
2045,0.0017,0.2304,0.347136,0.23552,0.14336
4093,0.0028,0.269312,0.334848,0.157696,0.1024
8189,0.0038,0.27648,0.349184,0.152576,0.10752
16381,0.0288,0.345088,0.28672,0.147456,0.114688
32765,0.0194,0.519168,0.313344,0.152576,0.119808
65533,0.0403,0.654336,0.31232,0.377856,0.120832
131069,0.8013,1.0455,0.57856,0.19952,0.50176
262141,1.1721,2.04288,0.425984,0.181248,0.478208
524285,2.4107,3.82541,0.724288,0.260416,0.45568
1048573,4.4379,8.21862,1.42848,0.350816,0.595968
2097149,9.8797,15.4218,2.00909,0.647968,0.570048
4194301,17.9694,30.7978,4.09741,1.07462,0.648
8388605,38.817,62.3335,6.6263,1.52755,0.812032
16777213,72.0237,125.728,15.0958,2.83517,1.14566
33554429,145.302,253.513,21.2489,5.47782,1.97837
67108861,299.609,514.77,67.6444,10.8777,3.39619
13,0.0001,0.1792,0.115712,0.183296,0.162816
29,0.0001,0.185344,0.22016,0.180224,0.135168
61,0.0002,0.195584,0.137216,0.140288,0.11776
125,0.0002,0.181248,0.14848,0.151552,0.114688
253,0.0003,0.218112,0.169984,0.146432,0.113664
509,0.0005,0.210944,0.187392,0.263168,0.118784
1021,0.0006,0.227328,0.224256,0.145408,0.113664
2045,0.0029,0.217088,0.308224,0.154624,0.195584
4093,0.004,0.253952,0.330752,0.161792,0.136192
8189,0.0038,0.26624,0.355328,0.159744,0.11776
16381,0.0114,0.318464,0.301056,0.148224,0.165888
32765,0.0207,0.4864,0.690176,0.167808,0.12288
65533,0.0401,0.61952,0.32768,0.150304,0.11776
131069,0.6001,1.02605,0.356352,0.144384,0.490368
262141,1.2581,2.6321,0.429056,0.19968,0.48128
524285,2.3416,3.83795,0.699392,0.289472,0.459776
1048573,4.6841,7.73286,1.09568,0.422592,0.461792
2097149,10.1255,15.6487,2.80986,0.527744,0.568192
4194301,17.9687,31.4364,3.28806,0.86016,0.656
8388605,37.8592,63.2779,6.34941,1.50003,0.840704
16777213,72.6711,126.317,10.8909,2.79552,1.88083
33554429,147.99,254.426,29.6298,5.4784,2.6368
67108861,289.667,513.888,51.7478,10.7397,3.38989
13,0.0001,0.186368,0.115712,0.191488,0.140288
29,0.0001,0.126976,0.120832,0.177152,0.14336
61,0.0002,0.206848,0.136192,0.185344,0.14848
125,0.0002,0.188416,0.161792,0.183296,0.146432
253,0.0003,0.500736,0.169984,0.187392,0.142336
509,0.0004,0.283648,0.200704,0.193536,0.142336
1021,0.0008,0.234496,0.203776,0.180224,0.137216
2045,0.0019,0.219136,0.334848,0.205824,0.149504
4093,0.0018,0.242688,0.372736,0.19968,0.132096
8189,0.0036,0.267264,0.265216,0.210944,0.150528
16381,0.0081,0.316416,0.287744,0.191392,0.139264
32765,0.0396,0.436224,0.313344,0.196,0.151552
65533,0.0375,0.667648,0.31744,0.186368,0.14336
131069,0.5832,1.024,0.333824,0.19968,0.412672
262141,1.2105,2.06029,0.421888,0.216064,0.417792
524285,2.3278,3.83552,0.75776,0.362496,0.453504
1048573,4.6838,8.1847,1.32301,0.363296,0.472064
2097149,10.9269,15.4945,1.97222,0.540352,2.15302
4194301,17.9404,31.3897,4.29773,0.848896,0.656128
8388605,36.3477,62.4952,6.71296,1.55133,0.835584
16777213,74.2341,125.728,14.9135,2.91978,1.20934
33554429,151.03,253.997,21.1241,6.30374,1.92307
67108861,291.741,511.337,66.3752,10.7034,3.35914
13,0.0001,0.140288,0.104448,0.111616,0.147456
29,0.0002,0.171008,0.132096,0.187392,0.166912
61,0.0002,0.171008,0.136192,0.178176,0.176128
125,0.0002,0.187392,0.156672,0.195584,0.198656
253,0.0003,0.190464,0.177152,0.182272,0.118784
509,0.0007,0.211968,0.197632,0.14848,0.257024
1021,0.0012,0.231424,0.222208,0.144384,0.113664
2045,0.0021,0.244736,0.274432,0.152576,0.132096
4093,0.0018,0.329728,0.336896,0.150528,0.104448
8189,0.0227,0.3328,0.280576,0.150528,0.106496
16381,0.0081,0.320512,0.293888,0.14304,0.115712
32765,0.0218,0.415744,0.416768,0.176128,0.120832
65533,0.0419,0.637952,0.321536,0.159744,0.120832
131069,0.5831,1.11821,0.350208,0.16384,0.459328
262141,1.2427,2.16986,0.809984,0.210944,0.411648
524285,2.375,3.82941,0.854016,0.280288,0.488992
1048573,6.285,8.35994,1.21805,0.360864,0.507456
2097149,9.3482,15.554,2.49958,0.539072,0.53008
4194301,18.2841,31.5095,3.27373,0.86528,0.678912
8388605,37.8824,62.6944,6.38874,1.45907,0.825344
16777213,72.768,125.366,10.9046,2.81683,1.22966
33554429,142.901,254.877,30.6483,6.15526,1.94867
67108861,295.095,514.92,53.394,10.6632,3.3176
13,0,0.132096,0.101376,0.182272,0.147456
29,0.0001,0.141312,0.115712,0.190464,0.140288
61,0.0002,0.200704,0.139264,0.186368,0.169984
125,0.0002,0.182272,0.169984,0.185344,0.149504
253,0.0003,0.185344,0.177152,0.193536,0.242688
509,0.0004,0.20992,0.195584,0.195584,0.152576
1021,0.0005,0.232448,0.224256,0.18944,0.137216
2045,0.0009,0.221184,0.415744,0.206848,0.104448
4093,0.0018,0.242688,0.3328,0.154624,0.10752
8189,0.0272,0.270336,0.345088,0.162816,0.119808
16381,0.0157,0.342016,0.29696,0.155648,0.118784
32765,0.0263,0.425984,0.303104,0.165888,0.139264
65533,0.0389,0.6656,0.524288,0.148832,0.120832
131069,0.5835,1.88006,0.366592,0.21504,0.411296
262141,1.211,2.2272,0.392192,0.22016,0.769024
524285,2.3608,3.82771,0.714112,0.295936,0.403456
1048573,4.4388,7.58246,1.35373,0.374592,0.554976
2097149,9.1308,15.8705,1.96813,0.507488,0.4608
4194301,18.3634,33.834,4.10112,0.860768,0.599936
8388605,36.6773,61.3775,6.68262,1.50496,0.799488
16777213,72.5356,126.871,14.9688,3.70176,1.20998
33554429,145.569,254.273,21.2951,5.49142,1.90707
67108861,291.077,511.242,67.1099,10.7273,3.32534
13,0,0.173056,0.10752,0.196608,0.13312
29,0.0001,0.192512,0.132096,0.173056,0.152576
61,0.0001,0.186368,0.130048,0.162816,0.141312
125,0.0002,0.19456,0.15872,0.186368,0.150528
253,0.0003,0.19456,0.180224,0.192512,0.146432
509,0.0005,0.202752,0.19968,0.187392,0.13824
1021,0.0006,0.443392,0.2304,0.190464,0.164864
2045,0.0017,0.221184,0.36352,0.152576,0.101376
4093,0.0043,0.452608,0.328704,0.227328,0.145408
8189,0.0082,0.297984,0.3584,0.152576,0.1024
16381,0.0091,0.334848,0.290816,0.146432,0.13824
32765,0.0185,0.467968,0.3072,0.150528,0.14848
65533,0.0429,0.620544,0.329728,0.120832,0.11776
131069,0.6182,1.04858,0.78336,0.162528,0.403456
262141,1.2742,2.07258,0.391168,0.26112,0.335872
524285,2.5457,3.76771,0.714592,0.284288,0.488128
1048573,4.6836,8.54874,1.20003,0.343008,0.610304
2097149,10.7828,15.2223,2.46477,0.525216,1.2631
4194301,18.604,30.7552,3.40787,0.893792,0.75664
8388605,36.45,65.6083,6.28122,1.52662,2.52198
16777213,74.1804,128.468,10.7842,2.98851,1.26448
33554429,153.401,255.688,29.9868,5.43642,1.9712
67108861,295.771,512.4,52.4364,10.6926,3.30502
13,0,0.177152,0.121856,0.1792,0.137216
29,0.0003,0.171008,0.116736,0.188416,0.157696
61,0.0001,0.176128,0.141312,0.193536,0.149504
125,0.0003,0.181248,0.145408,0.18944,0.136192
253,0.0004,0.570368,0.180224,0.241664,0.146432
509,0.0005,0.214016,0.190464,0.195584,0.147456
1021,0.0005,0.428032,0.227328,0.18432,0.13824
2045,0.0015,0.232448,0.347136,0.19456,0.140288
4093,0.0019,0.243712,0.346112,0.175104,0.154624
8189,0.004,0.265216,0.354304,0.1536,0.1024
16381,0.0088,0.380928,0.293888,0.144224,0.116736
32765,0.0179,0.4352,0.293888,0.157696,0.123904
65533,0.0398,0.618496,0.3328,0.155648,0.11776
131069,0.5862,1.024,0.354304,0.15872,0.468992
262141,1.2094,2.21389,0.436224,0.193536,0.499136
524285,2.6612,3.75501,0.756736,0.292864,0.454656
1048573,4.6617,8.06541,1.63021,0.509952,0.56832
2097149,9.8657,15.6646,1.94454,0.555008,0.494976
4194301,17.9185,31.4499,4.31821,0.888704,0.648192
8388605,36.4491,64.3509,6.66829,1.54867,1.07622
16777213,75.1842,129.86,15.1235,2.78486,1.23075
33554429,146.058,252.355,21.204,5.42106,1.84506
67108861,291.519,513.412,64.5192,11.3664,3.35462
13,0,0.171008,0.11264,0.176128,0.150528
29,0.0001,0.182272,0.132096,0.197632,0.139264
61,0.0001,0.178176,0.136192,0.187392,0.142336
125,0.0004,0.186368,0.151552,0.185344,0.152576
253,0.0004,0.198656,0.178176,0.196608,0.172032
509,0.0006,0.24064,0.190464,0.31232,0.119808
1021,0.001,0.258048,0.20992,0.19456,0.140288
2045,0.0009,0.267264,0.22016,0.159744,0.106496
4093,0.0017,0.24064,0.329728,0.156672,0.11776
8189,0.0036,0.268288,0.273408,0.159744,0.10752
16381,0.0093,0.39936,0.284672,0.147456,0.116736
32765,0.0489,0.483328,0.295936,0.156672,0.128
65533,0.0425,0.794624,0.31744,0.154624,0.119808
131069,0.5999,1.0281,0.340992,0.159744,0.33456
262141,1.1759,2.0521,0.428032,0.177152,0.473088
524285,2.355,3.76378,1.03219,0.65616,0.570368
1048573,4.6849,7.63242,1.08576,0.355296,0.455456
2097149,10.9665,15.4112,2.54566,0.507488,0.556928
4194301,18.2079,31.1235,4.96435,0.841536,0.653856
8388605,36.1045,62.8541,6.52186,1.51814,1.72826
16777213,75.8846,127.224,11.0746,2.83814,1.13226
33554429,150.392,253.813,29.5721,5.46048,1.92
67108861,297.739,513.852,51.0546,10.714,3.32067
13,0,0.17408,0.109568,0.176128,0.129024
29,0.0001,0.214016,0.114688,0.188416,0.14336
61,0.0003,0.22528,0.14336,0.219136,0.151552
125,0.0003,0.18944,0.141312,0.19456,0.159744
253,0.0002,0.444416,0.178176,0.173056,0.166912
509,0.0006,0.293888,0.210944,0.17408,0.166912
1021,0.0005,0.25088,0.21504,0.182272,0.152576
2045,0.002,0.219136,0.357376,0.147456,0.123904
4093,0.0017,0.284672,0.24576,0.201728,0.134144
8189,0.0035,0.311296,0.26112,0.19456,0.120832
16381,0.0195,0.345088,0.299008,0.195584,0.146432
32765,0.0221,0.449536,0.297984,0.19456,0.11872
65533,0.0528,0.616448,0.32256,0.149504,0.181248
131069,0.6134,1.04653,0.351232,0.200704,0.32304
262141,1.1708,2.35827,0.400928,0.1792,0.941056
524285,2.3429,3.87891,0.708608,0.473088,0.499712
1048573,4.6851,7.97216,1.61792,0.37376,0.46592
2097149,10.2587,15.8915,1.96877,0.495616,0.62352
4194301,18.9254,32.9157,4.1257,0.821216,0.883456
8388605,35.87,62.2653,7.25504,1.50016,0.774624
16777213,72.0266,125.583,15.1327,2.81165,1.11955
33554429,144.637,253.707,21.163,5.47533,1.9359
67108861,299.955,512.235,67.7222,10.6922,3.3104
13,0.0001,0.162816,0.111616,0.140288,0.113664
29,0.0003,0.172032,0.132096,0.144384,0.136192
61,0.0002,0.238592,0.147456,0.188416,0.186368
125,0.0001,0.190464,0.157696,0.140288,0.156672
253,0.0004,0.402432,0.1792,0.151552,0.115712
509,0.0007,0.26624,0.185344,0.151552,0.114688
1021,0.0006,0.270336,0.211968,0.185344,0.114688
2045,0.0022,0.2304,0.310272,0.12288,0.095232
4093,0.0031,0.246784,0.331776,0.25088,0.137216
8189,0.0054,0.273408,0.290816,0.152576,0.103424
16381,0.0093,0.329728,0.282624,0.14592,0.116736
32765,0.0729,0.447488,0.295936,0.154624,0.155648
65533,0.0401,0.633856,0.311296,0.207872,0.176128
131069,0.584,1.07418,0.360448,0.198656,0.494592
262141,1.2059,2.38592,0.431104,0.22528,0.5208
524285,2.3449,3.82666,0.695296,0.288576,0.49664
1048573,4.6862,7.57629,1.09056,0.372192,0.4608
2097149,10.7085,15.9565,2.45248,0.55552,0.611328
4194301,17.8916,31.0942,3.33968,0.854016,0.661472
8388605,39.114,63.503,6.41126,1.53805,0.775552
16777213,75.6986,126.723,11.2219,2.83498,1.12835
33554429,148.869,256.303,29.5414,5.45328,1.93424
67108861,292.921,516.223,49.8962,10.6705,3.32346
13,0,0.173056,0.110592,0.197632,0.144384
29,0.0002,0.161792,0.118784,0.182272,0.132096
61,0.0003,0.169984,0.144384,0.183296,0.159744
125,0.0002,0.177152,0.159744,0.18432,0.150528
253,0.0003,0.185344,0.183296,0.18432,0.1536
509,0.0005,0.195584,0.183296,0.1792,0.162816
1021,0.0008,0.49664,0.202752,0.178176,0.238592
2045,0.0009,0.2304,0.277504,0.16896,0.390144
4093,0.002,0.238592,0.370688,0.186368,0.142336
8189,0.0036,0.269312,0.267264,0.159744,0.151552
16381,0.0086,0.324608,0.27648,0.173056,0.154624
32765,0.0247,0.415744,0.50688,0.185088,0.137216
65533,0.0386,0.694272,0.320512,0.175104,0.140288
131069,0.703,1.05882,0.366592,0.205824,0.416608
262141,1.2113,2.3296,0.387072,0.208896,0.448512
524285,2.6453,4.06112,1.44998,0.26624,0.431104
1048573,4.4414,7.57555,1.32954,0.370464,0.46112
2097149,10.1897,15.9844,1.96333,0.532,0.502784
4194301,18.364,32.6549,4.15334,0.813504,0.700416
8388605,35.9893,63.0508,7.55405,1.51142,0.8448
16777213,73.856,128.581,14.8996,2.8143,1.21642
33554429,145.351,253.974,21.3048,5.48454,1.94243
67108861,299.279,511.016,65.6855,10.7002,3.29728
13,0.0001,0.195584,0.10752,0.185344,0.086016
29,0.0001,0.316416,0.131072,0.172032,0.141312
61,0.0001,0.232448,0.134144,0.188416,0.13824
125,0.0001,0.24064,0.191488,0.186368,0.14848
253,0.0004,0.218112,0.171008,0.1792,0.146432
509,0.0007,0.210944,0.193536,0.190464,0.162816
1021,0.0006,0.24576,0.212992,0.183296,0.13824
2045,0.002,0.241664,0.349184,0.19456,0.14336
4093,0.0018,0.259072,0.36352,0.186368,0.15872
8189,0.0036,0.2816,0.273408,0.195584,0.131072
16381,0.011,0.371712,0.29184,0.173056,0.137216
32765,0.0184,0.707584,0.318464,0.193536,0.142336
65533,0.0418,0.857088,0.321536,0.185344,0.157696
131069,0.745,1.024,0.362496,0.188416,0.444416
262141,1.2041,2.12582,0.391168,0.218112,0.54784
524285,2.3448,3.83488,0.726016,0.283648,0.433824
1048573,4.6831,8.13251,1.12128,0.381952,0.531808
2097149,11.0187,15.4577,2.99213,0.530432,0.577312
4194301,19.5649,30.8091,4.5056,0.836,0.65808
8388605,36.1377,62.4599,6.44403,1.49347,0.943488
16777213,74.2854,125.965,10.8251,2.82931,1.21651
33554429,149.065,255.068,29.5107,5.47098,1.92096
67108861,290.403,514.096,51.4588,10.6619,3.20486
13,0.0001,0.176128,0.106496,0.188416,0.131072
29,0.0002,0.181248,0.119808,0.190464,0.135168
61,0.0002,0.191488,0.142336,0.339968,0.137216
125,0.0001,0.187392,0.159744,0.18944,0.140288
253,0.0001,0.190464,0.181248,0.186368,0.15872
509,0.0006,0.521216,0.193536,0.186368,0.155648
1021,0.0005,0.229376,0.211968,0.18944,0.154624
2045,0.0017,0.270336,0.34304,0.172032,0.14336
4093,0.0021,0.41984,0.392192,0.340992,0.146432
8189,0.0041,0.330752,0.262144,0.24576,0.144384
16381,0.0079,0.349184,0.293888,0.172032,0.14512
32765,0.0235,0.4352,0.293888,0.2048,0.15424
65533,0.0384,0.653312,0.32256,0.198656,0.159744
131069,0.5855,1.06086,0.352256,0.210944,0.618496
262141,1.2037,2.08282,0.443392,0.21296,0.44544
524285,2.651,4.40454,0.744448,0.278528,0.436224
1048573,4.657,7.9713,1.30333,0.372736,0.611328
2097149,10.3594,15.2064,1.96096,1.21242,0.533344
4194301,17.9728,31.8904,4.1775,0.914432,0.727392
8388605,39.5997,62.551,6.62733,1.50909,0.867744
16777213,73.3796,127.305,15.2166,2.85382,1.28848
33554429,145.412,255.51,21.0202,5.45578,1.9128
67108861,295.047,514.15,65.9948,10.6998,3.38902
13,0.0001,0.134144,0.096256,0.196608,0.13312
29,0.0002,0.1792,0.128,0.181248,0.132096
61,0.0002,0.256,0.134144,0.18432,0.140288
125,0.0002,0.201728,0.154624,0.182272,0.139264
253,0.0003,0.203776,0.182272,0.18432,0.147456
509,0.0007,0.256,0.19456,0.186368,0.137216
1021,0.0012,0.236544,0.214016,0.18944,0.140288
2045,0.0009,0.268288,0.231424,0.19456,0.129024
4093,0.0018,0.301056,0.362496,0.17408,0.139264
8189,0.0036,0.321536,0.267264,0.169984,0.145408
16381,0.0081,0.33792,0.293888,0.186368,0.14336
32765,0.034,0.449536,0.321536,0.181152,0.139264
65533,0.0511,0.647168,0.31744,0.315392,0.167936
131069,0.6002,1.03834,0.381952,0.201472,0.377856
262141,1.205,2.10739,0.388096,0.221184,0.482976
524285,2.4083,4.24141,0.710656,0.292288,0.482752
1048573,6.0893,7.9288,1.0736,0.376512,0.536576
2097149,9.6079,16.2416,2.37978,0.547616,0.512512
4194301,19.989,32.6817,4.06426,0.985088,0.792576
8388605,36.051,63.0036,6.69542,1.51757,0.905216
16777213,74.5524,127.968,10.8435,3.02282,1.21651
33554429,150.383,254.771,29.4736,5.47533,1.89677
67108861,292.676,515.048,52.6602,10.6925,3.31366
13,0.0001,0.176128,0.104448,0.19456,0.136192
29,0.0001,0.369664,0.118784,0.18432,0.13824
61,0.0001,0.252928,0.140288,0.191488,0.147456
125,0.0002,0.186368,0.161792,0.188416,0.156672
253,0.0004,0.21504,0.166912,0.187392,0.14336
509,0.0004,0.207872,0.195584,0.175104,0.149504
1021,0.0005,0.226304,0.206848,0.188416,0.146432
2045,0.0009,0.22528,0.34816,0.196608,0.140288
4093,0.004,0.376832,0.260096,0.201728,0.14848
8189,0.0173,0.391168,0.264192,0.193536,0.152576
16381,0.009,0.62464,0.295936,0.185344,0.157696
32765,0.019,0.418816,0.305152,0.379904,0.155648
65533,0.0373,0.664576,0.31744,0.19968,0.14288
131069,0.6179,1.02707,0.352256,0.195328,0.429056
262141,1.2072,2.10842,0.388096,0.2304,0.904512
524285,2.3445,4.06118,0.991232,0.35328,0.732512
1048573,4.7765,7.62765,1.33837,0.420608,0.55472
2097149,10.2836,17.0977,2.16115,0.498496,0.565248
4194301,18.3081,31.0313,4.26394,0.84992,0.657408
8388605,35.8527,63.7635,6.73075,1.52144,0.83456
16777213,72.3619,127.515,15.0968,2.82198,1.18726
33554429,149.23,255.455,21.1852,5.47123,1.89174
67108861,294.532,513.406,65.748,10.8145,3.32877
13,0,0.139264,0.096256,0.18432,0.136192
29,0.0001,0.18944,0.129024,0.218112,0.183296
61,0.0001,0.135168,0.137216,0.175104,0.330752
125,0.0004,0.315392,0.155648,0.172032,0.1536
253,0.0002,0.417792,0.171008,0.166912,0.166912
509,0.0005,0.226304,0.197632,0.186368,0.14336
1021,0.0004,0.2304,0.210944,0.191488,0.144384
2045,0.0009,0.222208,0.338944,0.187392,0.147456
4093,0.0041,0.2304,0.226304,0.200704,0.139264
8189,0.0038,0.272384,0.270336,0.201728,0.139264
16381,0.0288,0.362496,0.28672,0.173056,0.145408
32765,0.0261,0.422912,0.306176,0.192512,0.173056
65533,0.04,0.643072,0.321536,0.205824,0.14848
131069,0.6004,1.04448,0.352256,0.193536,0.468992
262141,1.1862,2.32858,0.412672,0.21504,0.459552
524285,2.9713,4.04054,0.700416,0.285536,0.465536
1048573,4.7385,8.26,1.12774,0.36864,0.598496
2097149,9.7804,16.0707,2.45658,0.550624,0.577952
4194301,17.9156,31.3682,3.32458,0.853632,0.755712
8388605,39.3194,61.8578,6.37542,1.48038,0.842304
16777213,72.4973,,,,
